year,学院,专业,city,count
2006,人文与艺术学院,文化市场经营与管理,台州市,4
2006,人文与艺术学院,文化市场经营与管理,嘉兴市,8
2006,人文与艺术学院,文化市场经营与管理,宁波市,12
2006,人文与艺术学院,文化市场经营与管理,杭州市,3
2006,人文与艺术学院,文化市场经营与管理,温州市,5
2006,人文与艺术学院,文化市场经营与管理,绍兴市,7
2006,人文与艺术学院,文化市场经营与管理,舟山市,2
2006,人文与艺术学院,文化市场经营与管理,衢州市,3
2006,人文与艺术学院,文化市场经营与管理,金华市,9
2006,人文与艺术学院,文秘,丽水市,3
2006,人文与艺术学院,文秘,台州市,7
2006,人文与艺术学院,文秘,嘉兴市,4
2006,人文与艺术学院,文秘,宁波市,22
2006,人文与艺术学院,文秘,杭州市,12
2006,人文与艺术学院,文秘,温州市,6
2006,人文与艺术学院,文秘,湖州市,2
2006,人文与艺术学院,文秘,绍兴市,12
2006,人文与艺术学院,文秘,舟山市,5
2006,人文与艺术学院,文秘,衢州市,1
2006,人文与艺术学院,文秘,金华市,3
2006,人文与艺术学院,汉语言文学,上饶市,2
2006,人文与艺术学院,汉语言文学,嘉兴市,2
2006,人文与艺术学院,汉语言文学,宁波市,13
2006,人文与艺术学院,汉语言文学,杭州市,3
2006,人文与艺术学院,汉语言文学,武汉市,1
2006,人文与艺术学院,汉语言文学,温州市,1
2006,人文与艺术学院,汉语言文学,湖州市,1
2006,人文与艺术学院,汉语言文学,绍兴市,3
2006,人文与艺术学院,汉语言文学,襄樊市,1
2006,人文与艺术学院,汉语言文学,金华市,2
2006,人文与艺术学院,汉语言文学,鹰潭市,1
2006,国际交流学院,国际商务,丽水市,1
2006,国际交流学院,国际商务,台州市,9
2006,国际交流学院,国际商务,嘉兴市,1
2006,国际交流学院,国际商务,宁波市,29
2006,国际交流学院,国际商务,杭州市,9
2006,国际交流学院,国际商务,温州市,14
2006,国际交流学院,国际商务,湖州市,2
2006,国际交流学院,国际商务,绍兴市,8
2006,国际交流学院,国际商务,舟山市,1
2006,国际交流学院,国际商务,衢州市,3
2006,国际交流学院,国际商务,金华市,6
2006,外国语学院,应用英语,丽水市,6
2006,外国语学院,应用英语,台州市,11
2006,外国语学院,应用英语,嘉兴市,9
2006,外国语学院,应用英语,宁波市,55
2006,外国语学院,应用英语,杭州市,8
2006,外国语学院,应用英语,温州市,25
2006,外国语学院,应用英语,湖州市,3
2006,外国语学院,应用英语,绍兴市,32
2006,外国语学院,应用英语,舟山市,2
2006,外国语学院,应用英语,衢州市,1
2006,外国语学院,应用英语,金华市,13
2006,外国语学院,德语,台州市,1
2006,外国语学院,德语,嘉兴市,2
2006,外国语学院,德语,宁波市,4
2006,外国语学院,德语,杭州市,4
2006,外国语学院,德语,温州市,1
2006,外国语学院,德语,湖州市,2
2006,外国语学院,德语,绍兴市,2
2006,外国语学院,德语,金华市,7
2006,外国语学院,日语,嘉兴市,1
2006,外国语学院,日语,宁波市,5
2006,外国语学院,日语,杭州市,2
2006,外国语学院,日语,温州市,2
2006,外国语学院,日语,湖州市,1
2006,外国语学院,日语,绍兴市,7
2006,外国语学院,日语,舟山市,1
2006,外国语学院,日语,衢州市,1
2006,外国语学院,日语,金华市,2
2006,外国语学院,英语,丽水市,1
2006,外国语学院,英语,乐山市,1
2006,外国语学院,英语,嘉兴市,5
2006,外国语学院,英语,宁波市,18
2006,外国语学院,英语,成都市,2
2006,外国语学院,英语,杭州市,3
2006,外国语学院,英语,泰州市,2
2006,外国语学院,英语,温州市,1
2006,外国语学院,英语,湛江市,1
2006,外国语学院,英语,绍兴市,10
2006,外国语学院,英语,舟山市,2
2006,外国语学院,英语,苏州市,1
2006,外国语学院,英语,茂名市,1
2006,外国语学院,英语,衢州市,2
2006,外国语学院,英语,金华市,3
2006,外国语学院,英语,雅安市,1
2006,建筑与交通工程学院,土木工程,丽水市,3
2006,建筑与交通工程学院,土木工程,台州市,1
2006,建筑与交通工程学院,土木工程,咸宁市,1
2006,建筑与交通工程学院,土木工程,嘉兴市,2
2006,建筑与交通工程学院,土木工程,宁波市,15
2006,建筑与交通工程学院,土木工程,杭州市,11
2006,建筑与交通工程学院,土木工程,温州市,2
2006,建筑与交通工程学院,土木工程,湖州市,3
2006,建筑与交通工程学院,土木工程,绍兴市,10
2006,建筑与交通工程学院,土木工程,芜湖市,1
2006,建筑与交通工程学院,土木工程,荆州市,1
2006,建筑与交通工程学院,土木工程,衢州市,1
2006,建筑与交通工程学院,土木工程,金华市,4
2006,建筑与交通工程学院,土木工程,黄山市,1
2006,建筑与交通工程学院,建筑工程技术,丽水市,1
2006,建筑与交通工程学院,建筑工程技术,台州市,3
2006,建筑与交通工程学院,建筑工程技术,嘉兴市,1
2006,建筑与交通工程学院,建筑工程技术,宁波市,11
2006,建筑与交通工程学院,建筑工程技术,杭州市,11
2006,建筑与交通工程学院,建筑工程技术,温州市,8
2006,建筑与交通工程学院,建筑工程技术,湖州市,2
2006,建筑与交通工程学院,建筑工程技术,绍兴市,20
2006,建筑与交通工程学院,建筑工程技术,舟山市,1
2006,建筑与交通工程学院,建筑工程技术,衢州市,2
2006,建筑与交通工程学院,建筑工程技术,金华市,4
2006,建筑与交通工程学院,建筑环境与设备工程,丽水市,1
2006,建筑与交通工程学院,建筑环境与设备工程,台州市,2
2006,建筑与交通工程学院,建筑环境与设备工程,嘉兴市,2
2006,建筑与交通工程学院,建筑环境与设备工程,宁波市,15
2006,建筑与交通工程学院,建筑环境与设备工程,杭州市,5
2006,建筑与交通工程学院,建筑环境与设备工程,温州市,1
2006,建筑与交通工程学院,建筑环境与设备工程,湖州市,1
2006,建筑与交通工程学院,建筑环境与设备工程,绍兴市,7
2006,建筑与交通工程学院,建筑环境与设备工程,衢州市,1
2006,建筑与交通工程学院,建筑环境与设备工程,金华市,8
2006,建筑与交通工程学院,建筑装饰工程技术,台州市,1
2006,建筑与交通工程学院,建筑装饰工程技术,嘉兴市,2
2006,建筑与交通工程学院,建筑装饰工程技术,宁波市,12
2006,建筑与交通工程学院,建筑装饰工程技术,杭州市,6
2006,建筑与交通工程学院,建筑装饰工程技术,温州市,5
2006,建筑与交通工程学院,建筑装饰工程技术,湖州市,5
2006,建筑与交通工程学院,建筑装饰工程技术,绍兴市,9
2006,建筑与交通工程学院,建筑装饰工程技术,舟山市,1
2006,建筑与交通工程学院,建筑装饰工程技术,金华市,4
2006,建筑与交通工程学院,建筑设备工程技术,丽水市,2
2006,建筑与交通工程学院,建筑设备工程技术,台州市,3
2006,建筑与交通工程学院,建筑设备工程技术,嘉兴市,1
2006,建筑与交通工程学院,建筑设备工程技术,宁波市,13
2006,建筑与交通工程学院,建筑设备工程技术,杭州市,1
2006,建筑与交通工程学院,建筑设备工程技术,温州市,9
2006,建筑与交通工程学院,建筑设备工程技术,湖州市,1
2006,建筑与交通工程学院,建筑设备工程技术,绍兴市,14
2006,建筑与交通工程学院,建筑设备工程技术,舟山市,1
2006,建筑与交通工程学院,建筑设备工程技术,衢州市,2
2006,建筑与交通工程学院,建筑设备工程技术,金华市,7
2006,建筑与交通工程学院,物流管理,丽水市,8
2006,建筑与交通工程学院,物流管理,台州市,3
2006,建筑与交通工程学院,物流管理,嘉兴市,7
2006,建筑与交通工程学院,物流管理,宁波市,40
2006,建筑与交通工程学院,物流管理,杭州市,13
2006,建筑与交通工程学院,物流管理,温州市,9
2006,建筑与交通工程学院,物流管理,湖州市,3
2006,建筑与交通工程学院,物流管理,绍兴市,22
2006,建筑与交通工程学院,物流管理,舟山市,7
2006,建筑与交通工程学院,物流管理,衢州市,5
2006,建筑与交通工程学院,物流管理,金华市,13
2006,建筑与交通工程学院,道路桥梁工程技术,丽水市,2
2006,建筑与交通工程学院,道路桥梁工程技术,台州市,5
2006,建筑与交通工程学院,道路桥梁工程技术,嘉兴市,3
2006,建筑与交通工程学院,道路桥梁工程技术,宁波市,16
2006,建筑与交通工程学院,道路桥梁工程技术,杭州市,2
2006,建筑与交通工程学院,道路桥梁工程技术,湖州市,3
2006,建筑与交通工程学院,道路桥梁工程技术,绍兴市,13
2006,建筑与交通工程学院,道路桥梁工程技术,舟山市,1
2006,建筑与交通工程学院,道路桥梁工程技术,衢州市,5
2006,建筑与交通工程学院,道路桥梁工程技术,金华市,3
2006,机械工程学院,交通运输(机械),429000市,1
2006,机械工程学院,交通运输(机械),上饶市,1
2006,机械工程学院,交通运输(机械),乐山市,1
2006,机械工程学院,交通运输(机械),九江市,1
2006,机械工程学院,交通运输(机械),十堰市,1
2006,机械工程学院,交通运输(机械),台州市,1
2006,机械工程学院,交通运输(机械),吉安市,1
2006,机械工程学院,交通运输(机械),周口市,1
2006,机械工程学院,交通运输(机械),嘉兴市,1
2006,机械工程学院,交通运输(机械),宁波市,5
2006,机械工程学院,交通运输(机械),杭州市,3
2006,机械工程学院,交通运输(机械),武汉市,1
2006,机械工程学院,交通运输(机械),温州市,2
2006,机械工程学院,交通运输(机械),湖州市,1
2006,机械工程学院,交通运输(机械),绍兴市,1
2006,机械工程学院,交通运输(机械),舟山市,2
2006,机械工程学院,交通运输(机械),衢州市,1
2006,机械工程学院,交通运输(机械),襄樊市,1
2006,机械工程学院,交通运输(机械),金华市,2
2006,机械工程学院,机械设计制造及其自动化,台州市,2
2006,机械工程学院,机械设计制造及其自动化,宁波市,7
2006,机械工程学院,机械设计制造及其自动化,杭州市,5
2006,机械工程学院,机械设计制造及其自动化,枣庄市,1
2006,机械工程学院,机械设计制造及其自动化,泸州市,2
2006,机械工程学院,机械设计制造及其自动化,淄博市,1
2006,机械工程学院,机械设计制造及其自动化,温州市,2
2006,机械工程学院,机械设计制造及其自动化,湖州市,1
2006,机械工程学院,机械设计制造及其自动化,潍坊市,2
2006,机械工程学院,机械设计制造及其自动化,绍兴市,3
2006,机械工程学院,机电一体化技术,丽水市,2
2006,机械工程学院,机电一体化技术,台州市,5
2006,机械工程学院,机电一体化技术,嘉兴市,1
2006,机械工程学院,机电一体化技术,宁波市,23
2006,机械工程学院,机电一体化技术,杭州市,4
2006,机械工程学院,机电一体化技术,温州市,14
2006,机械工程学院,机电一体化技术,绍兴市,8
2006,机械工程学院,机电一体化技术,舟山市,1
2006,机械工程学院,机电一体化技术,衢州市,2
2006,机械工程学院,机电一体化技术,金华市,3
2006,机械工程学院,材料成型及控制工程,台州市,1
2006,机械工程学院,材料成型及控制工程,宁波市,15
2006,机械工程学院,材料成型及控制工程,杭州市,3
2006,机械工程学院,材料成型及控制工程,温州市,2
2006,机械工程学院,材料成型及控制工程,绍兴市,2
2006,机械工程学院,材料成型及控制工程,金华市,4
2006,机械工程学院,模具设计与制造,丽水市,3
2006,机械工程学院,模具设计与制造,台州市,8
2006,机械工程学院,模具设计与制造,嘉兴市,3
2006,机械工程学院,模具设计与制造,宁波市,24
2006,机械工程学院,模具设计与制造,杭州市,8
2006,机械工程学院,模具设计与制造,温州市,8
2006,机械工程学院,模具设计与制造,湖州市,1
2006,机械工程学院,模具设计与制造,绍兴市,17
2006,机械工程学院,模具设计与制造,舟山市,4
2006,机械工程学院,模具设计与制造,衢州市,7
2006,机械工程学院,模具设计与制造,金华市,6
2006,机械工程学院,汽车运用技术,丽水市,6
2006,机械工程学院,汽车运用技术,台州市,11
2006,机械工程学院,汽车运用技术,嘉兴市,5
2006,机械工程学院,汽车运用技术,宁波市,28
2006,机械工程学院,汽车运用技术,杭州市,12
2006,机械工程学院,汽车运用技术,温州市,7
2006,机械工程学院,汽车运用技术,湖州市,2
2006,机械工程学院,汽车运用技术,绍兴市,23
2006,机械工程学院,汽车运用技术,舟山市,4
2006,机械工程学院,汽车运用技术,衢州市,7
2006,机械工程学院,汽车运用技术,金华市,15
2006,材料与化学工程学院,化学工程与工艺,丽水市,1
2006,材料与化学工程学院,化学工程与工艺,南通市,1
2006,材料与化学工程学院,化学工程与工艺,台州市,2
2006,材料与化学工程学院,化学工程与工艺,嘉兴市,2
2006,材料与化学工程学院,化学工程与工艺,宁波市,15
2006,材料与化学工程学院,化学工程与工艺,常州市,1
2006,材料与化学工程学院,化学工程与工艺,广州市,1
2006,材料与化学工程学院,化学工程与工艺,徐州市,1
2006,材料与化学工程学院,化学工程与工艺,惠州市,1
2006,材料与化学工程学院,化学工程与工艺,杭州市,2
2006,材料与化学工程学院,化学工程与工艺,河源市,1
2006,材料与化学工程学院,化学工程与工艺,济宁市,1
2006,材料与化学工程学院,化学工程与工艺,清远市,1
2006,材料与化学工程学院,化学工程与工艺,温州市,4
2006,材料与化学工程学院,化学工程与工艺,湖州市,1
2006,材料与化学工程学院,化学工程与工艺,滨州市,1
2006,材料与化学工程学院,化学工程与工艺,绍兴市,5
2006,材料与化学工程学院,化学工程与工艺,达州市,1
2006,材料与化学工程学院,化学工程与工艺,金华市,5
2006,材料与化学工程学院,化学工程与工艺,雅安市,1
2006,材料与化学工程学院,油气储运工程,南通市,1
2006,材料与化学工程学院,油气储运工程,台州市,1
2006,材料与化学工程学院,油气储运工程,嘉兴市,4
2006,材料与化学工程学院,油气储运工程,宁波市,4
2006,材料与化学工程学院,油气储运工程,无锡市,1
2006,材料与化学工程学院,油气储运工程,杭州市,1
2006,材料与化学工程学院,油气储运工程,武汉市,1
2006,材料与化学工程学院,油气储运工程,泰州市,1
2006,材料与化学工程学院,油气储运工程,温州市,2
2006,材料与化学工程学院,油气储运工程,湛江市,1
2006,材料与化学工程学院,油气储运工程,绍兴市,4
2006,材料与化学工程学院,油气储运工程,舟山市,1
2006,材料与化学工程学院,油气储运工程,茂名市,1
2006,材料与化学工程学院,油气储运工程,金华市,1
2006,材料与化学工程学院,油气储运工程,韶关市,1
2006,材料与化学工程学院,油气储运工程,黄冈市,1
2006,材料与化学工程学院,油气储运工程,黄石市,1
2006,材料与化学工程学院,石油化工生产技术,丽水市,3
2006,材料与化学工程学院,石油化工生产技术,台州市,4
2006,材料与化学工程学院,石油化工生产技术,嘉兴市,2
2006,材料与化学工程学院,石油化工生产技术,宁波市,24
2006,材料与化学工程学院,石油化工生产技术,杭州市,10
2006,材料与化学工程学院,石油化工生产技术,温州市,20
2006,材料与化学工程学院,石油化工生产技术,湖州市,1
2006,材料与化学工程学院,石油化工生产技术,绍兴市,13
2006,材料与化学工程学院,石油化工生产技术,舟山市,3
2006,材料与化学工程学院,石油化工生产技术,衢州市,1
2006,材料与化学工程学院,石油化工生产技术,金华市,5
2006,电子与信息工程学院,电子信息工程技术,丽水市,2
2006,电子与信息工程学院,电子信息工程技术,台州市,9
2006,电子与信息工程学院,电子信息工程技术,嘉兴市,2
2006,电子与信息工程学院,电子信息工程技术,宁波市,9
2006,电子与信息工程学院,电子信息工程技术,杭州市,5
2006,电子与信息工程学院,电子信息工程技术,温州市,10
2006,电子与信息工程学院,电子信息工程技术,湖州市,3
2006,电子与信息工程学院,电子信息工程技术,绍兴市,11
2006,电子与信息工程学院,电子信息工程技术,舟山市,3
2006,电子与信息工程学院,电子信息工程技术,衢州市,4
2006,电子与信息工程学院,电子信息工程技术,金华市,11
2006,电子与信息工程学院,电子科学与技术,丽水市,2
2006,电子与信息工程学院,电子科学与技术,台州市,4
2006,电子与信息工程学院,电子科学与技术,嘉兴市,1
2006,电子与信息工程学院,电子科学与技术,宁波市,18
2006,电子与信息工程学院,电子科学与技术,杭州市,4
2006,电子与信息工程学院,电子科学与技术,温州市,4
2006,电子与信息工程学院,电子科学与技术,湖州市,3
2006,电子与信息工程学院,电子科学与技术,绍兴市,7
2006,电子与信息工程学院,电子科学与技术,舟山市,1
2006,电子与信息工程学院,电子科学与技术,衢州市,3
2006,电子与信息工程学院,电子科学与技术,金华市,6
2006,电子与信息工程学院,计算机应用与维护(3+2),舟山市,1
2006,电子与信息工程学院,计算机应用技术,台州市,3
2006,电子与信息工程学院,计算机应用技术,宁波市,21
2006,电子与信息工程学院,计算机应用技术,杭州市,4
2006,电子与信息工程学院,计算机应用技术,温州市,10
2006,电子与信息工程学院,计算机应用技术,绍兴市,16
2006,电子与信息工程学院,计算机应用技术,舟山市,2
2006,电子与信息工程学院,计算机应用技术,衢州市,3
2006,电子与信息工程学院,计算机应用技术,金华市,6
2006,电子与信息工程学院,计算机控制技术,丽水市,2
2006,电子与信息工程学院,计算机控制技术,台州市,4
2006,电子与信息工程学院,计算机控制技术,嘉兴市,4
2006,电子与信息工程学院,计算机控制技术,宁波市,25
2006,电子与信息工程学院,计算机控制技术,杭州市,2
2006,电子与信息工程学院,计算机控制技术,温州市,13
2006,电子与信息工程学院,计算机控制技术,湖州市,4
2006,电子与信息工程学院,计算机控制技术,绍兴市,9
2006,电子与信息工程学院,计算机控制技术,舟山市,5
2006,电子与信息工程学院,计算机控制技术,衢州市,2
2006,电子与信息工程学院,计算机控制技术,金华市,7
2006,电子与信息工程学院,计算机科学与技术,上饶市,3
2006,电子与信息工程学院,计算机科学与技术,台州市,2
2006,电子与信息工程学院,计算机科学与技术,嘉兴市,1
2006,电子与信息工程学院,计算机科学与技术,宁波市,8
2006,电子与信息工程学院,计算机科学与技术,抚州市,1
2006,电子与信息工程学院,计算机科学与技术,梅州市,1
2006,电子与信息工程学院,计算机科学与技术,温州市,2
2006,电子与信息工程学院,计算机科学与技术,盐城市,1
2006,电子与信息工程学院,计算机科学与技术,苏州市,1
2006,电子与信息工程学院,计算机科学与技术,衢州市,3
2006,电子与信息工程学院,计算机科学与技术,连云港市,1
2006,电子与信息工程学院,计算机科学与技术,金华市,2
2006,电子与信息工程学院,计算机科学与技术,韶关市,1
2006,电子与信息工程学院,计算机网络技术,丽水市,1
2006,电子与信息工程学院,计算机网络技术,台州市,5
2006,电子与信息工程学院,计算机网络技术,嘉兴市,2
2006,电子与信息工程学院,计算机网络技术,宁波市,18
2006,电子与信息工程学院,计算机网络技术,杭州市,5
2006,电子与信息工程学院,计算机网络技术,温州市,14
2006,电子与信息工程学院,计算机网络技术,湖州市,2
2006,电子与信息工程学院,计算机网络技术,绍兴市,6
2006,电子与信息工程学院,计算机网络技术,舟山市,2
2006,电子与信息工程学院,计算机网络技术,金华市,3
2006,经济与管理学院,会计(专）,丽水市,7
2006,经济与管理学院,会计(专）,台州市,3
2006,经济与管理学院,会计(专）,嘉兴市,8
2006,经济与管理学院,会计(专）,宁波市,31
2006,经济与管理学院,会计(专）,杭州市,11
2006,经济与管理学院,会计(专）,温州市,9
2006,经济与管理学院,会计(专）,湖州市,1
2006,经济与管理学院,会计(专）,绍兴市,17
2006,经济与管理学院,会计(专）,舟山市,2
2006,经济与管理学院,会计(专）,衢州市,2
2006,经济与管理学院,会计(专）,金华市,12
2006,经济与管理学院,会计学,嘉兴市,2
2006,经济与管理学院,会计学,宁波市,9
2006,经济与管理学院,会计学,杭州市,3
2006,经济与管理学院,会计学,温州市,5
2006,经济与管理学院,会计学,绍兴市,5
2006,经济与管理学院,会计学,舟山市,1
2006,经济与管理学院,会计学,衢州市,1
2006,经济与管理学院,会计学,金华市,1
2006,经济与管理学院,国际经济与贸易,三明市,1
2006,经济与管理学院,国际经济与贸易,上饶市,2
2006,经济与管理学院,国际经济与贸易,丽水市,1
2006,经济与管理学院,国际经济与贸易,南昌市,1
2006,经济与管理学院,国际经济与贸易,台州市,4
2006,经济与管理学院,国际经济与贸易,嘉兴市,8
2006,经济与管理学院,国际经济与贸易,宁波市,12
2006,经济与管理学院,国际经济与贸易,宿州市,1
2006,经济与管理学院,国际经济与贸易,抚州市,1
2006,经济与管理学院,国际经济与贸易,杭州市,11
2006,经济与管理学院,国际经济与贸易,泉州市,1
2006,经济与管理学院,国际经济与贸易,温州市,6
2006,经济与管理学院,国际经济与贸易,湖州市,2
2006,经济与管理学院,国际经济与贸易,绍兴市,3
2006,经济与管理学院,国际经济与贸易,芜湖市,1
2006,经济与管理学院,国际经济与贸易,衢州市,1
2006,经济与管理学院,国际经济与贸易,金华市,4
2006,经济与管理学院,国际经济与贸易(专）,丽水市,1
2006,经济与管理学院,国际经济与贸易(专）,台州市,6
2006,经济与管理学院,国际经济与贸易(专）,嘉兴市,2
2006,经济与管理学院,国际经济与贸易(专）,宁波市,28
2006,经济与管理学院,国际经济与贸易(专）,杭州市,7
2006,经济与管理学院,国际经济与贸易(专）,温州市,20
2006,经济与管理学院,国际经济与贸易(专）,湖州市,1
2006,经济与管理学院,国际经济与贸易(专）,绍兴市,20
2006,经济与管理学院,国际经济与贸易(专）,舟山市,2
2006,经济与管理学院,国际经济与贸易(专）,衢州市,2
2006,经济与管理学院,国际经济与贸易(专）,金华市,7
2006,经济与管理学院,市场营销(专）,丽水市,2
2006,经济与管理学院,市场营销(专）,台州市,3
2006,经济与管理学院,市场营销(专）,嘉兴市,1
2006,经济与管理学院,市场营销(专）,宁波市,9
2006,经济与管理学院,市场营销(专）,杭州市,9
2006,经济与管理学院,市场营销(专）,温州市,16
2006,经济与管理学院,市场营销(专）,湖州市,1
2006,经济与管理学院,市场营销(专）,绍兴市,10
2006,经济与管理学院,市场营销(专）,舟山市,1
2006,经济与管理学院,市场营销(专）,衢州市,2
2006,经济与管理学院,市场营销(专）,金华市,5
2007,人文与艺术学院,文化市场经营与管理,丽水市,5
2007,人文与艺术学院,文化市场经营与管理,台州市,3
2007,人文与艺术学院,文化市场经营与管理,嘉兴市,5
2007,人文与艺术学院,文化市场经营与管理,宁波市,13
2007,人文与艺术学院,文化市场经营与管理,杭州市,5
2007,人文与艺术学院,文化市场经营与管理,温州市,11
2007,人文与艺术学院,文化市场经营与管理,湖州市,2
2007,人文与艺术学院,文化市场经营与管理,绍兴市,11
2007,人文与艺术学院,文化市场经营与管理,舟山市,1
2007,人文与艺术学院,文化市场经营与管理,衢州市,2
2007,人文与艺术学院,文化市场经营与管理,金华市,3
2007,人文与艺术学院,汉语言文学,上饶市,2
2007,人文与艺术学院,汉语言文学,丽水市,1
2007,人文与艺术学院,汉语言文学,九江市,1
2007,人文与艺术学院,汉语言文学,台州市,1
2007,人文与艺术学院,汉语言文学,嘉兴市,6
2007,人文与艺术学院,汉语言文学,宁德市,1
2007,人文与艺术学院,汉语言文学,宁波市,10
2007,人文与艺术学院,汉语言文学,新乡市,1
2007,人文与艺术学院,汉语言文学,无锡市,2
2007,人文与艺术学院,汉语言文学,杭州市,9
2007,人文与艺术学院,汉语言文学,洛阳市,1
2007,人文与艺术学院,汉语言文学,温州市,2
2007,人文与艺术学院,汉语言文学,湖州市,1
2007,人文与艺术学院,汉语言文学,绍兴市,8
2007,人文与艺术学院,汉语言文学,舟山市,1
2007,人文与艺术学院,汉语言文学,衢州市,1
2007,人文与艺术学院,汉语言文学,金华市,3
2007,人文与艺术学院,汉语言文学（广告学方向）,丽水市,2
2007,人文与艺术学院,汉语言文学（广告学方向）,台州市,3
2007,人文与艺术学院,汉语言文学（广告学方向）,嘉兴市,6
2007,人文与艺术学院,汉语言文学（广告学方向）,宁波市,9
2007,人文与艺术学院,汉语言文学（广告学方向）,杭州市,9
2007,人文与艺术学院,汉语言文学（广告学方向）,温州市,8
2007,人文与艺术学院,汉语言文学（广告学方向）,湖州市,2
2007,人文与艺术学院,汉语言文学（广告学方向）,绍兴市,5
2007,人文与艺术学院,汉语言文学（广告学方向）,舟山市,2
2007,人文与艺术学院,汉语言文学（广告学方向）,衢州市,2
2007,人文与艺术学院,汉语言文学（广告学方向）,金华市,14
2007,国际交流学院,国际商务,丽水市,1
2007,国际交流学院,国际商务,台州市,4
2007,国际交流学院,国际商务,嘉兴市,6
2007,国际交流学院,国际商务,宁波市,29
2007,国际交流学院,国际商务,杭州市,5
2007,国际交流学院,国际商务,温州市,9
2007,国际交流学院,国际商务,湖州市,4
2007,国际交流学院,国际商务,绍兴市,10
2007,国际交流学院,国际商务,舟山市,2
2007,国际交流学院,国际商务,衢州市,2
2007,国际交流学院,国际商务,金华市,3
2007,外国语学院,应用英语,丽水市,2
2007,外国语学院,应用英语,台州市,2
2007,外国语学院,应用英语,嘉兴市,4
2007,外国语学院,应用英语,宁波市,20
2007,外国语学院,应用英语,杭州市,10
2007,外国语学院,应用英语,温州市,23
2007,外国语学院,应用英语,湖州市,2
2007,外国语学院,应用英语,绍兴市,26
2007,外国语学院,应用英语,衢州市,5
2007,外国语学院,应用英语,金华市,13
2007,外国语学院,德语,丽水市,1
2007,外国语学院,德语,嘉兴市,5
2007,外国语学院,德语,宁德市,2
2007,外国语学院,德语,宁波市,8
2007,外国语学院,德语,安阳市,1
2007,外国语学院,德语,开封市,1
2007,外国语学院,德语,扬州市,1
2007,外国语学院,德语,杭州市,3
2007,外国语学院,德语,温州市,2
2007,外国语学院,德语,湖州市,3
2007,外国语学院,德语,绍兴市,4
2007,外国语学院,德语,衢州市,3
2007,外国语学院,德语,金华市,6
2007,外国语学院,德语,驻马店市,1
2007,外国语学院,德语,龙岩市,1
2007,外国语学院,日语,南平市,1
2007,外国语学院,日语,周口市,1
2007,外国语学院,日语,嘉兴市,8
2007,外国语学院,日语,宁波市,5
2007,外国语学院,日语,常州市,2
2007,外国语学院,日语,杭州市,4
2007,外国语学院,日语,枣庄市,1
2007,外国语学院,日语,洛阳市,1
2007,外国语学院,日语,温州市,4
2007,外国语学院,日语,湖州市,3
2007,外国语学院,日语,漳州市,1
2007,外国语学院,日语,绍兴市,8
2007,外国语学院,日语,舟山市,1
2007,外国语学院,日语,衢州市,1
2007,外国语学院,日语,金华市,3
2007,外国语学院,日语,鹤壁市,1
2007,外国语学院,英语,上饶市,2
2007,外国语学院,英语,丽水市,1
2007,外国语学院,英语,兰州市,1
2007,外国语学院,英语,台州市,2
2007,外国语学院,英语,商丘市,1
2007,外国语学院,英语,嘉兴市,1
2007,外国语学院,英语,天水市,1
2007,外国语学院,英语,宁德市,1
2007,外国语学院,英语,宁波市,6
2007,外国语学院,英语,常德市,2
2007,外国语学院,英语,杭州市,5
2007,外国语学院,英语,汉中市,1
2007,外国语学院,英语,泉州市,1
2007,外国语学院,英语,泰州市,2
2007,外国语学院,英语,洛阳市,1
2007,外国语学院,英语,温州市,3
2007,外国语学院,英语,湖州市,3
2007,外国语学院,英语,绍兴市,6
2007,外国语学院,英语,舟山市,2
2007,外国语学院,英语,衢州市,4
2007,外国语学院,英语,西安市,1
2007,外国语学院,英语,金华市,7
2007,外国语学院,英语,龙岩市,1
2007,建筑与交通工程学院,土木工程,丽水市,3
2007,建筑与交通工程学院,土木工程,信阳市,1
2007,建筑与交通工程学院,土木工程,台州市,9
2007,建筑与交通工程学院,土木工程,周口市,1
2007,建筑与交通工程学院,土木工程,咸宁市,1
2007,建筑与交通工程学院,土木工程,嘉兴市,7
2007,建筑与交通工程学院,土木工程,宁波市,25
2007,建筑与交通工程学院,土木工程,宜昌市,1
2007,建筑与交通工程学院,土木工程,常德市,1
2007,建筑与交通工程学院,土木工程,惠州市,1
2007,建筑与交通工程学院,土木工程,揭阳市,1
2007,建筑与交通工程学院,土木工程,来宾市,1
2007,建筑与交通工程学院,土木工程,杭州市,21
2007,建筑与交通工程学院,土木工程,桂林市,1
2007,建筑与交通工程学院,土木工程,毕节地区,1
2007,建筑与交通工程学院,土木工程,洛阳市,1
2007,建筑与交通工程学院,土木工程,温州市,9
2007,建筑与交通工程学院,土木工程,湖州市,9
2007,建筑与交通工程学院,土木工程,潮州市,1
2007,建筑与交通工程学院,土木工程,绍兴市,31
2007,建筑与交通工程学院,土木工程,舟山市,3
2007,建筑与交通工程学院,土木工程,荆门市,1
2007,建筑与交通工程学院,土木工程,衢州市,11
2007,建筑与交通工程学院,土木工程,西安市,1
2007,建筑与交通工程学院,土木工程,贵阳市,1
2007,建筑与交通工程学院,土木工程,贺州市,1
2007,建筑与交通工程学院,土木工程,金华市,9
2007,建筑与交通工程学院,建筑环境与设备工程,丽水市,5
2007,建筑与交通工程学院,建筑环境与设备工程,台州市,4
2007,建筑与交通工程学院,建筑环境与设备工程,嘉兴市,3
2007,建筑与交通工程学院,建筑环境与设备工程,宁波市,9
2007,建筑与交通工程学院,建筑环境与设备工程,常州市,1
2007,建筑与交通工程学院,建筑环境与设备工程,杭州市,8
2007,建筑与交通工程学院,建筑环境与设备工程,泸州市,2
2007,建筑与交通工程学院,建筑环境与设备工程,温州市,2
2007,建筑与交通工程学院,建筑环境与设备工程,湖州市,2
2007,建筑与交通工程学院,建筑环境与设备工程,绍兴市,7
2007,建筑与交通工程学院,建筑环境与设备工程,舟山市,1
2007,建筑与交通工程学院,建筑环境与设备工程,荆门市,1
2007,建筑与交通工程学院,建筑环境与设备工程,衢州市,2
2007,建筑与交通工程学院,建筑环境与设备工程,襄樊市,1
2007,建筑与交通工程学院,建筑环境与设备工程,金华市,4
2007,建筑与交通工程学院,建筑环境与设备工程,黄冈市,1
2007,建筑与交通工程学院,建筑装饰工程技术,丽水市,8
2007,建筑与交通工程学院,建筑装饰工程技术,台州市,3
2007,建筑与交通工程学院,建筑装饰工程技术,嘉兴市,1
2007,建筑与交通工程学院,建筑装饰工程技术,宁波市,9
2007,建筑与交通工程学院,建筑装饰工程技术,杭州市,5
2007,建筑与交通工程学院,建筑装饰工程技术,温州市,6
2007,建筑与交通工程学院,建筑装饰工程技术,绍兴市,3
2007,建筑与交通工程学院,建筑装饰工程技术,衢州市,1
2007,建筑与交通工程学院,建筑装饰工程技术,金华市,7
2007,建筑与交通工程学院,物流管理,上饶市,2
2007,建筑与交通工程学院,物流管理,丽水市,3
2007,建筑与交通工程学院,物流管理,台州市,3
2007,建筑与交通工程学院,物流管理,嘉兴市,8
2007,建筑与交通工程学院,物流管理,宁波市,26
2007,建筑与交通工程学院,物流管理,安顺市,1
2007,建筑与交通工程学院,物流管理,新乡市,1
2007,建筑与交通工程学院,物流管理,杭州市,8
2007,建筑与交通工程学院,物流管理,枣庄市,1
2007,建筑与交通工程学院,物流管理,温州市,19
2007,建筑与交通工程学院,物流管理,湖州市,3
2007,建筑与交通工程学院,物流管理,绍兴市,26
2007,建筑与交通工程学院,物流管理,舟山市,1
2007,建筑与交通工程学院,物流管理,衢州市,4
2007,建筑与交通工程学院,物流管理,金华市,9
2007,建筑与交通工程学院,物流管理,驻马店市,1
2007,建筑与交通工程学院,物流管理,黔东南苗族侗族自治州,1
2007,机械工程学院,交通运输(机械),上饶市,1
2007,机械工程学院,交通运输(机械),丽水市,1
2007,机械工程学院,交通运输(机械),台州市,4
2007,机械工程学院,交通运输(机械),嘉兴市,3
2007,机械工程学院,交通运输(机械),天水市,1
2007,机械工程学院,交通运输(机械),宁波市,12
2007,机械工程学院,交通运输(机械),定西市,2
2007,机械工程学院,交通运输(机械),抚州市,1
2007,机械工程学院,交通运输(机械),杭州市,10
2007,机械工程学院,交通运输(机械),温州市,7
2007,机械工程学院,交通运输(机械),湖州市,1
2007,机械工程学院,交通运输(机械),绍兴市,12
2007,机械工程学院,交通运输(机械),舟山市,1
2007,机械工程学院,交通运输(机械),金华市,3
2007,机械工程学院,机械设计制造及其自动化,丽水市,3
2007,机械工程学院,机械设计制造及其自动化,信阳市,3
2007,机械工程学院,机械设计制造及其自动化,南昌市,1
2007,机械工程学院,机械设计制造及其自动化,台州市,5
2007,机械工程学院,机械设计制造及其自动化,嘉兴市,9
2007,机械工程学院,机械设计制造及其自动化,宁波市,20
2007,机械工程学院,机械设计制造及其自动化,杭州市,6
2007,机械工程学院,机械设计制造及其自动化,泸州市,1
2007,机械工程学院,机械设计制造及其自动化,清远市,1
2007,机械工程学院,机械设计制造及其自动化,温州市,10
2007,机械工程学院,机械设计制造及其自动化,湖州市,3
2007,机械工程学院,机械设计制造及其自动化,湛江市,1
2007,机械工程学院,机械设计制造及其自动化,漯河市,1
2007,机械工程学院,机械设计制造及其自动化,绍兴市,17
2007,机械工程学院,机械设计制造及其自动化,自贡市,1
2007,机械工程学院,机械设计制造及其自动化,衢州市,6
2007,机械工程学院,机械设计制造及其自动化,资阳市,1
2007,机械工程学院,机械设计制造及其自动化,赣州市,2
2007,机械工程学院,机械设计制造及其自动化,遵义市,1
2007,机械工程学院,机械设计制造及其自动化,金华市,9
2007,机械工程学院,材料成型及控制工程,丽水市,2
2007,机械工程学院,材料成型及控制工程,南宁市,1
2007,机械工程学院,材料成型及控制工程,台州市,2
2007,机械工程学院,材料成型及控制工程,嘉兴市,7
2007,机械工程学院,材料成型及控制工程,宁波市,12
2007,机械工程学院,材料成型及控制工程,杭州市,5
2007,机械工程学院,材料成型及控制工程,温州市,8
2007,机械工程学院,材料成型及控制工程,湖州市,1
2007,机械工程学院,材料成型及控制工程,漯河市,1
2007,机械工程学院,材料成型及控制工程,绍兴市,11
2007,机械工程学院,材料成型及控制工程,金华市,4
2007,机械工程学院,材料成型及控制工程,驻马店市,1
2007,机械工程学院,材料成型及控制工程,黄冈市,1
2007,机械工程学院,模具设计与制造,丽水市,1
2007,机械工程学院,模具设计与制造,台州市,9
2007,机械工程学院,模具设计与制造,嘉兴市,5
2007,机械工程学院,模具设计与制造,宁波市,21
2007,机械工程学院,模具设计与制造,杭州市,4
2007,机械工程学院,模具设计与制造,温州市,3
2007,机械工程学院,模具设计与制造,绍兴市,10
2007,机械工程学院,模具设计与制造,舟山市,2
2007,机械工程学院,模具设计与制造,衢州市,3
2007,机械工程学院,模具设计与制造,金华市,3
2007,机械工程学院,汽车服务工程,丽水市,3
2007,机械工程学院,汽车服务工程,六安市,1
2007,机械工程学院,汽车服务工程,南宁市,1
2007,机械工程学院,汽车服务工程,台州市,1
2007,机械工程学院,汽车服务工程,咸宁市,1
2007,机械工程学院,汽车服务工程,嘉兴市,4
2007,机械工程学院,汽车服务工程,孝感市,1
2007,机械工程学院,汽车服务工程,宁波市,5
2007,机械工程学院,汽车服务工程,杭州市,5
2007,机械工程学院,汽车服务工程,淮北市,1
2007,机械工程学院,汽车服务工程,温州市,3
2007,机械工程学院,汽车服务工程,湖州市,2
2007,机械工程学院,汽车服务工程,湘潭市,1
2007,机械工程学院,汽车服务工程,绍兴市,5
2007,机械工程学院,汽车服务工程,舟山市,4
2007,机械工程学院,汽车服务工程,衢州市,4
2007,机械工程学院,汽车服务工程,贵港市,1
2007,机械工程学院,汽车服务工程,郴州市,1
2007,机械工程学院,汽车服务工程,金华市,6
2007,机械工程学院,汽车运用技术,丽水市,3
2007,机械工程学院,汽车运用技术,台州市,6
2007,机械工程学院,汽车运用技术,嘉兴市,1
2007,机械工程学院,汽车运用技术,宁波市,11
2007,机械工程学院,汽车运用技术,杭州市,5
2007,机械工程学院,汽车运用技术,温州市,10
2007,机械工程学院,汽车运用技术,湖州市,1
2007,机械工程学院,汽车运用技术,绍兴市,10
2007,机械工程学院,汽车运用技术,舟山市,2
2007,机械工程学院,汽车运用技术,衢州市,1
2007,机械工程学院,汽车运用技术,金华市,7
2007,材料与化学工程学院,化学工程与工艺,临沂市,1
2007,材料与化学工程学院,化学工程与工艺,丽水市,5
2007,材料与化学工程学院,化学工程与工艺,台州市,4
2007,材料与化学工程学院,化学工程与工艺,嘉兴市,16
2007,材料与化学工程学院,化学工程与工艺,宁波市,20
2007,材料与化学工程学院,化学工程与工艺,来宾市,1
2007,材料与化学工程学院,化学工程与工艺,杭州市,13
2007,材料与化学工程学院,化学工程与工艺,梧州市,1
2007,材料与化学工程学院,化学工程与工艺,泸州市,1
2007,材料与化学工程学院,化学工程与工艺,温州市,13
2007,材料与化学工程学院,化学工程与工艺,湖州市,1
2007,材料与化学工程学院,化学工程与工艺,湛江市,2
2007,材料与化学工程学院,化学工程与工艺,濮阳市,1
2007,材料与化学工程学院,化学工程与工艺,烟台市,1
2007,材料与化学工程学院,化学工程与工艺,玉林市,1
2007,材料与化学工程学院,化学工程与工艺,绍兴市,13
2007,材料与化学工程学院,化学工程与工艺,肇庆市,1
2007,材料与化学工程学院,化学工程与工艺,芜湖市,1
2007,材料与化学工程学院,化学工程与工艺,衢州市,5
2007,材料与化学工程学院,化学工程与工艺,金华市,7
2007,材料与化学工程学院,化学工程与工艺,黄山市,1
2007,材料与化学工程学院,油气储运工程,丽水市,1
2007,材料与化学工程学院,油气储运工程,南宁市,1
2007,材料与化学工程学院,油气储运工程,南通市,1
2007,材料与化学工程学院,油气储运工程,嘉兴市,2
2007,材料与化学工程学院,油气储运工程,宁波市,7
2007,材料与化学工程学院,油气储运工程,宜宾市,1
2007,材料与化学工程学院,油气储运工程,宜昌市,1
2007,材料与化学工程学院,油气储运工程,徐州市,1
2007,材料与化学工程学院,油气储运工程,成都市,1
2007,材料与化学工程学院,油气储运工程,无锡市,1
2007,材料与化学工程学院,油气储运工程,杭州市,4
2007,材料与化学工程学院,油气储运工程,温州市,2
2007,材料与化学工程学院,油气储运工程,湖州市,1
2007,材料与化学工程学院,油气储运工程,玉林市,1
2007,材料与化学工程学院,油气储运工程,绍兴市,8
2007,材料与化学工程学院,油气储运工程,舟山市,1
2007,材料与化学工程学院,油气储运工程,荆州市,1
2007,材料与化学工程学院,油气储运工程,衢州市,1
2007,材料与化学工程学院,油气储运工程,贵港市,1
2007,材料与化学工程学院,油气储运工程,金华市,4
2007,材料与化学工程学院,油气储运工程,随州市,1
2007,理学院,信息与计算科学,丽水市,1
2007,理学院,信息与计算科学,乐山市,1
2007,理学院,信息与计算科学,南充市,1
2007,理学院,信息与计算科学,台州市,5
2007,理学院,信息与计算科学,嘉兴市,6
2007,理学院,信息与计算科学,宁波市,16
2007,理学院,信息与计算科学,巴中市,1
2007,理学院,信息与计算科学,杭州市,5
2007,理学院,信息与计算科学,淄博市,1
2007,理学院,信息与计算科学,温州市,7
2007,理学院,信息与计算科学,绍兴市,7
2007,理学院,信息与计算科学,金华市,8
2007,理学院,信息与计算科学,黄石市,1
2007,电子与信息工程学院,电子信息工程技术,丽水市,2
2007,电子与信息工程学院,电子信息工程技术,台州市,3
2007,电子与信息工程学院,电子信息工程技术,嘉兴市,4
2007,电子与信息工程学院,电子信息工程技术,宁波市,16
2007,电子与信息工程学院,电子信息工程技术,杭州市,3
2007,电子与信息工程学院,电子信息工程技术,温州市,13
2007,电子与信息工程学院,电子信息工程技术,绍兴市,11
2007,电子与信息工程学院,电子信息工程技术,舟山市,4
2007,电子与信息工程学院,电子信息工程技术,衢州市,4
2007,电子与信息工程学院,电子信息工程技术,金华市,6
2007,电子与信息工程学院,电子科学与技术,兰州市,1
2007,电子与信息工程学院,电子科学与技术,台州市,3
2007,电子与信息工程学院,电子科学与技术,嘉兴市,3
2007,电子与信息工程学院,电子科学与技术,娄底市,1
2007,电子与信息工程学院,电子科学与技术,宁波市,8
2007,电子与信息工程学院,电子科学与技术,杭州市,6
2007,电子与信息工程学院,电子科学与技术,武威市,1
2007,电子与信息工程学院,电子科学与技术,江门市,1
2007,电子与信息工程学院,电子科学与技术,泸州市,1
2007,电子与信息工程学院,电子科学与技术,清远市,1
2007,电子与信息工程学院,电子科学与技术,温州市,5
2007,电子与信息工程学院,电子科学与技术,百色市,1
2007,电子与信息工程学院,电子科学与技术,绍兴市,6
2007,电子与信息工程学院,电子科学与技术,舟山市,3
2007,电子与信息工程学院,电子科学与技术,茂名市,2
2007,电子与信息工程学院,电子科学与技术,酒泉市,1
2007,电子与信息工程学院,电子科学与技术,金华市,6
2007,电子与信息工程学院,电子科学与技术,阜阳市,1
2007,电子与信息工程学院,电子科学与技术,马鞍山市,1
2007,电子与信息工程学院,电气工程及其自动化,丽水市,1
2007,电子与信息工程学院,电气工程及其自动化,台州市,4
2007,电子与信息工程学院,电气工程及其自动化,嘉兴市,2
2007,电子与信息工程学院,电气工程及其自动化,宁波市,10
2007,电子与信息工程学院,电气工程及其自动化,杭州市,4
2007,电子与信息工程学院,电气工程及其自动化,武汉市,1
2007,电子与信息工程学院,电气工程及其自动化,泸州市,1
2007,电子与信息工程学院,电气工程及其自动化,温州市,3
2007,电子与信息工程学院,电气工程及其自动化,湖州市,1
2007,电子与信息工程学院,电气工程及其自动化,珠海市,1
2007,电子与信息工程学院,电气工程及其自动化,绍兴市,7
2007,电子与信息工程学院,电气工程及其自动化,绵阳市,1
2007,电子与信息工程学院,电气工程及其自动化,舟山市,1
2007,电子与信息工程学院,电气工程及其自动化,茂名市,1
2007,电子与信息工程学院,电气工程及其自动化,荆州市,1
2007,电子与信息工程学院,电气工程及其自动化,衢州市,8
2007,电子与信息工程学院,电气工程及其自动化,金华市,5
2007,电子与信息工程学院,计算机应用技术,丽水市,4
2007,电子与信息工程学院,计算机应用技术,台州市,9
2007,电子与信息工程学院,计算机应用技术,嘉兴市,4
2007,电子与信息工程学院,计算机应用技术,宁波市,21
2007,电子与信息工程学院,计算机应用技术,杭州市,8
2007,电子与信息工程学院,计算机应用技术,温州市,17
2007,电子与信息工程学院,计算机应用技术,绍兴市,21
2007,电子与信息工程学院,计算机应用技术,舟山市,1
2007,电子与信息工程学院,计算机应用技术,衢州市,3
2007,电子与信息工程学院,计算机应用技术,金华市,10
2007,电子与信息工程学院,计算机科学与技术,东莞市,1
2007,电子与信息工程学院,计算机科学与技术,丽水市,2
2007,电子与信息工程学院,计算机科学与技术,九江市,1
2007,电子与信息工程学院,计算机科学与技术,云浮市,1
2007,电子与信息工程学院,计算机科学与技术,南昌市,1
2007,电子与信息工程学院,计算机科学与技术,台州市,1
2007,电子与信息工程学院,计算机科学与技术,周口市,1
2007,电子与信息工程学院,计算机科学与技术,咸阳市,1
2007,电子与信息工程学院,计算机科学与技术,嘉兴市,5
2007,电子与信息工程学院,计算机科学与技术,宁波市,17
2007,电子与信息工程学院,计算机科学与技术,杭州市,11
2007,电子与信息工程学院,计算机科学与技术,河源市,1
2007,电子与信息工程学院,计算机科学与技术,温州市,14
2007,电子与信息工程学院,计算机科学与技术,湖州市,5
2007,电子与信息工程学院,计算机科学与技术,焦作市,1
2007,电子与信息工程学院,计算机科学与技术,绍兴市,25
2007,电子与信息工程学院,计算机科学与技术,舟山市,1
2007,电子与信息工程学院,计算机科学与技术,衢州市,2
2007,电子与信息工程学院,计算机科学与技术,赣州市,1
2007,电子与信息工程学院,计算机科学与技术,金华市,12
2007,经济与管理学院,会计学,上饶市,1
2007,经济与管理学院,会计学,临沂市,1
2007,经济与管理学院,会计学,丽水市,3
2007,经济与管理学院,会计学,台州市,2
2007,经济与管理学院,会计学,嘉兴市,6
2007,经济与管理学院,会计学,宁波市,31
2007,经济与管理学院,会计学,成都市,2
2007,经济与管理学院,会计学,新余市,1
2007,经济与管理学院,会计学,无锡市,1
2007,经济与管理学院,会计学,日照市,1
2007,经济与管理学院,会计学,杭州市,12
2007,经济与管理学院,会计学,济南市,1
2007,经济与管理学院,会计学,温州市,7
2007,经济与管理学院,会计学,湖州市,3
2007,经济与管理学院,会计学,绍兴市,14
2007,经济与管理学院,会计学,舟山市,1
2007,经济与管理学院,会计学,芜湖市,1
2007,经济与管理学院,会计学,衡阳市,1
2007,经济与管理学院,会计学,衢州市,2
2007,经济与管理学院,会计学,贵阳市,1
2007,经济与管理学院,会计学,遵义市,1
2007,经济与管理学院,会计学,金华市,13
2007,经济与管理学院,会计学,铜川市,1
2007,经济与管理学院,会计学,长沙市,1
2007,经济与管理学院,会计学,阜阳市,1
2007,经济与管理学院,国际经济与贸易,三明市,1
2007,经济与管理学院,国际经济与贸易,六安市,1
2007,经济与管理学院,国际经济与贸易,十堰市,1
2007,经济与管理学院,国际经济与贸易,台州市,5
2007,经济与管理学院,国际经济与贸易,咸宁市,1
2007,经济与管理学院,国际经济与贸易,嘉兴市,4
2007,经济与管理学院,国际经济与贸易,宁波市,5
2007,经济与管理学院,国际经济与贸易,安康市,1
2007,经济与管理学院,国际经济与贸易,徐州市,1
2007,经济与管理学院,国际经济与贸易,无锡市,1
2007,经济与管理学院,国际经济与贸易,杭州市,7
2007,经济与管理学院,国际经济与贸易,温州市,5
2007,经济与管理学院,国际经济与贸易,湖州市,3
2007,经济与管理学院,国际经济与贸易,漳州市,1
2007,经济与管理学院,国际经济与贸易,绍兴市,6
2007,经济与管理学院,国际经济与贸易,苏州市,1
2007,经济与管理学院,国际经济与贸易,衢州市,3
2007,经济与管理学院,国际经济与贸易,金华市,3
2007,经济与管理学院,国际经济与贸易,随州市,1
2007,经济与管理学院,国际经济与贸易,雅安市,1
2007,经济与管理学院,国际经济与贸易(专）,丽水市,1
2007,经济与管理学院,国际经济与贸易(专）,台州市,1
2007,经济与管理学院,国际经济与贸易(专）,嘉兴市,2
2007,经济与管理学院,国际经济与贸易(专）,宁波市,13
2007,经济与管理学院,国际经济与贸易(专）,杭州市,2
2007,经济与管理学院,国际经济与贸易(专）,温州市,7
2007,经济与管理学院,国际经济与贸易(专）,绍兴市,16
2007,经济与管理学院,国际经济与贸易(专）,舟山市,1
2007,经济与管理学院,国际经济与贸易(专）,衢州市,2
2007,经济与管理学院,国际经济与贸易(专）,金华市,6
2007,经济与管理学院,市场营销(专）,丽水市,3
2007,经济与管理学院,市场营销(专）,台州市,3
2007,经济与管理学院,市场营销(专）,嘉兴市,2
2007,经济与管理学院,市场营销(专）,宁波市,11
2007,经济与管理学院,市场营销(专）,杭州市,2
2007,经济与管理学院,市场营销(专）,温州市,9
2007,经济与管理学院,市场营销(专）,湖州市,2
2007,经济与管理学院,市场营销(专）,绍兴市,12
2007,经济与管理学院,市场营销(专）,舟山市,3
2007,经济与管理学院,市场营销(专）,衢州市,4
2007,经济与管理学院,市场营销(专）,金华市,7
2008,人文与艺术学院,广告学,丽水市,1
2008,人文与艺术学院,广告学,信阳市,1
2008,人文与艺术学院,广告学,台州市,5
2008,人文与艺术学院,广告学,嘉兴市,7
2008,人文与艺术学院,广告学,宁波市,4
2008,人文与艺术学院,广告学,安顺市,1
2008,人文与艺术学院,广告学,定西市,1
2008,人文与艺术学院,广告学,张掖市,1
2008,人文与艺术学院,广告学,杭州市,11
2008,人文与艺术学院,广告学,淮南市,1
2008,人文与艺术学院,广告学,温州市,2
2008,人文与艺术学院,广告学,湖州市,3
2008,人文与艺术学院,广告学,白银市,1
2008,人文与艺术学院,广告学,绍兴市,2
2008,人文与艺术学院,广告学,舟山市,1
2008,人文与艺术学院,广告学,衢州市,5
2008,人文与艺术学院,广告学,遵义市,2
2008,人文与艺术学院,广告学,金华市,6
2008,人文与艺术学院,广告学,驻马店市,1
2008,人文与艺术学院,文化市场经营与管理,丽水市,4
2008,人文与艺术学院,文化市场经营与管理,台州市,4
2008,人文与艺术学院,文化市场经营与管理,嘉兴市,5
2008,人文与艺术学院,文化市场经营与管理,宁波市,16
2008,人文与艺术学院,文化市场经营与管理,杭州市,4
2008,人文与艺术学院,文化市场经营与管理,温州市,16
2008,人文与艺术学院,文化市场经营与管理,湖州市,2
2008,人文与艺术学院,文化市场经营与管理,绍兴市,8
2008,人文与艺术学院,文化市场经营与管理,舟山市,1
2008,人文与艺术学院,文化市场经营与管理,衢州市,4
2008,人文与艺术学院,文化市场经营与管理,金华市,6
2008,人文与艺术学院,汉语言文学,丽水市,1
2008,人文与艺术学院,汉语言文学,兰州市,1
2008,人文与艺术学院,汉语言文学,台州市,3
2008,人文与艺术学院,汉语言文学,商丘市,1
2008,人文与艺术学院,汉语言文学,嘉兴市,3
2008,人文与艺术学院,汉语言文学,宁波市,10
2008,人文与艺术学院,汉语言文学,安庆市,1
2008,人文与艺术学院,汉语言文学,张掖市,1
2008,人文与艺术学院,汉语言文学,杭州市,7
2008,人文与艺术学院,汉语言文学,毕节地区,1
2008,人文与艺术学院,汉语言文学,温州市,3
2008,人文与艺术学院,汉语言文学,湖州市,2
2008,人文与艺术学院,汉语言文学,绍兴市,12
2008,人文与艺术学院,汉语言文学,舟山市,1
2008,人文与艺术学院,汉语言文学,衢州市,3
2008,人文与艺术学院,汉语言文学,许昌市,1
2008,人文与艺术学院,汉语言文学,金华市,4
2008,人文与艺术学院,汉语言文学,马鞍山市,1
2008,人文与艺术学院,汉语言文学,驻马店市,1
2008,国际交流学院,国际商务,丽水市,6
2008,国际交流学院,国际商务,台州市,2
2008,国际交流学院,国际商务,嘉兴市,4
2008,国际交流学院,国际商务,宁波市,37
2008,国际交流学院,国际商务,杭州市,4
2008,国际交流学院,国际商务,温州市,8
2008,国际交流学院,国际商务,湖州市,2
2008,国际交流学院,国际商务,绍兴市,13
2008,国际交流学院,国际商务,舟山市,1
2008,国际交流学院,国际商务,金华市,5
2008,外国语学院,应用英语,丽水市,3
2008,外国语学院,应用英语,台州市,3
2008,外国语学院,应用英语,嘉兴市,4
2008,外国语学院,应用英语,宁波市,30
2008,外国语学院,应用英语,杭州市,6
2008,外国语学院,应用英语,温州市,17
2008,外国语学院,应用英语,湖州市,4
2008,外国语学院,应用英语,绍兴市,19
2008,外国语学院,应用英语,衢州市,6
2008,外国语学院,应用英语,金华市,10
2008,外国语学院,德语,信阳市,1
2008,外国语学院,德语,台州市,1
2008,外国语学院,德语,嘉兴市,1
2008,外国语学院,德语,宁波市,10
2008,外国语学院,德语,开封市,1
2008,外国语学院,德语,杭州市,9
2008,外国语学院,德语,泰安市,1
2008,外国语学院,德语,温州市,1
2008,外国语学院,德语,湖州市,2
2008,外国语学院,德语,绍兴市,5
2008,外国语学院,德语,蚌埠市,1
2008,外国语学院,德语,衢州市,4
2008,外国语学院,德语,金华市,3
2008,外国语学院,日语,临沂市,1
2008,外国语学院,日语,丽水市,1
2008,外国语学院,日语,台州市,1
2008,外国语学院,日语,嘉兴市,5
2008,外国语学院,日语,宁波市,6
2008,外国语学院,日语,安庆市,1
2008,外国语学院,日语,无锡市,1
2008,外国语学院,日语,日照市,1
2008,外国语学院,日语,杭州市,4
2008,外国语学院,日语,温州市,3
2008,外国语学院,日语,湖州市,3
2008,外国语学院,日语,绍兴市,4
2008,外国语学院,日语,衢州市,5
2008,外国语学院,日语,金华市,4
2008,外国语学院,日语,驻马店市,1
2008,外国语学院,英语,丽水市,2
2008,外国语学院,英语,六安市,1
2008,外国语学院,英语,台州市,4
2008,外国语学院,英语,嘉兴市,7
2008,外国语学院,英语,天水市,1
2008,外国语学院,英语,宁波市,14
2008,外国语学院,英语,宝鸡市,1
2008,外国语学院,英语,巴彦淖尔市,1
2008,外国语学院,英语,杭州市,6
2008,外国语学院,英语,毕节地区,1
2008,外国语学院,英语,泰州市,1
2008,外国语学院,英语,淮南市,1
2008,外国语学院,英语,淮安市,1
2008,外国语学院,英语,温州市,6
2008,外国语学院,英语,湖州市,4
2008,外国语学院,英语,濮阳市,1
2008,外国语学院,英语,白银市,2
2008,外国语学院,英语,绍兴市,6
2008,外国语学院,英语,舟山市,2
2008,外国语学院,英语,芜湖市,1
2008,外国语学院,英语,衢州市,5
2008,外国语学院,英语,贵阳市,1
2008,外国语学院,英语,通辽市,1
2008,外国语学院,英语,郴州市,1
2008,外国语学院,英语,金华市,12
2008,外国语学院,英语,驻马店市,1
2008,外国语学院,英语,黔东南苗族侗族自治州,1
2008,建筑与交通工程学院,交通运输,乌兰察布市,1
2008,建筑与交通工程学院,交通运输,六盘水市,1
2008,建筑与交通工程学院,交通运输,台州市,1
2008,建筑与交通工程学院,交通运输,呼和浩特市,1
2008,建筑与交通工程学院,交通运输,嘉兴市,1
2008,建筑与交通工程学院,交通运输,宁波市,4
2008,建筑与交通工程学院,交通运输,定西市,2
2008,建筑与交通工程学院,交通运输,平凉市,1
2008,建筑与交通工程学院,交通运输,杭州市,9
2008,建筑与交通工程学院,交通运输,汉中市,1
2008,建筑与交通工程学院,交通运输,温州市,6
2008,建筑与交通工程学院,交通运输,湖州市,3
2008,建筑与交通工程学院,交通运输,绍兴市,9
2008,建筑与交通工程学院,交通运输,衢州市,3
2008,建筑与交通工程学院,交通运输,西安市,1
2008,建筑与交通工程学院,交通运输,金华市,8
2008,建筑与交通工程学院,交通运输,陇南市,1
2008,建筑与交通工程学院,交通运输,鹰潭市,1
2008,建筑与交通工程学院,交通运输,黔东南苗族侗族自治州,1
2008,建筑与交通工程学院,土木工程,临沂市,1
2008,建筑与交通工程学院,土木工程,丽水市,2
2008,建筑与交通工程学院,土木工程,台州市,2
2008,建筑与交通工程学院,土木工程,呼伦贝尔市,1
2008,建筑与交通工程学院,土木工程,咸宁市,1
2008,建筑与交通工程学院,土木工程,咸阳市,1
2008,建筑与交通工程学院,土木工程,嘉兴市,5
2008,建筑与交通工程学院,土木工程,宁波市,14
2008,建筑与交通工程学院,土木工程,安庆市,1
2008,建筑与交通工程学院,土木工程,杭州市,24
2008,建筑与交通工程学院,土木工程,温州市,8
2008,建筑与交通工程学院,土木工程,湖州市,5
2008,建筑与交通工程学院,土木工程,滨州市,1
2008,建筑与交通工程学院,土木工程,焦作市,1
2008,建筑与交通工程学院,土木工程,绍兴市,16
2008,建筑与交通工程学院,土木工程,舟山市,2
2008,建筑与交通工程学院,土木工程,荆州市,1
2008,建筑与交通工程学院,土木工程,衢州市,5
2008,建筑与交通工程学院,土木工程,贺州市,1
2008,建筑与交通工程学院,土木工程,遵义市,2
2008,建筑与交通工程学院,土木工程,金华市,19
2008,建筑与交通工程学院,土木工程,马鞍山市,1
2008,建筑与交通工程学院,土木工程,驻马店市,1
2008,建筑与交通工程学院,土木工程,鹰潭市,1
2008,建筑与交通工程学院,工程管理,台州市,1
2008,建筑与交通工程学院,工程管理,嘉兴市,4
2008,建筑与交通工程学院,工程管理,宁波市,7
2008,建筑与交通工程学院,工程管理,新乡市,2
2008,建筑与交通工程学院,工程管理,杭州市,6
2008,建筑与交通工程学院,工程管理,温州市,3
2008,建筑与交通工程学院,工程管理,湖州市,1
2008,建筑与交通工程学院,工程管理,绍兴市,8
2008,建筑与交通工程学院,工程管理,舟山市,1
2008,建筑与交通工程学院,工程管理,衢州市,4
2008,建筑与交通工程学院,工程管理,贵阳市,1
2008,建筑与交通工程学院,工程管理,遵义市,1
2008,建筑与交通工程学院,工程管理,金华市,7
2008,建筑与交通工程学院,工程管理,驻马店市,1
2008,建筑与交通工程学院,工程管理,黔东南苗族侗族自治州,1
2008,建筑与交通工程学院,工程管理,龙岩市,1
2008,建筑与交通工程学院,建筑学,丽水市,2
2008,建筑与交通工程学院,建筑学,六安市,2
2008,建筑与交通工程学院,建筑学,兰州市,1
2008,建筑与交通工程学院,建筑学,台州市,4
2008,建筑与交通工程学院,建筑学,嘉兴市,4
2008,建筑与交通工程学院,建筑学,天水市,1
2008,建筑与交通工程学院,建筑学,宁波市,6
2008,建筑与交通工程学院,建筑学,庆阳市,1
2008,建筑与交通工程学院,建筑学,杭州市,5
2008,建筑与交通工程学院,建筑学,温州市,4
2008,建筑与交通工程学院,建筑学,湖州市,3
2008,建筑与交通工程学院,建筑学,绍兴市,4
2008,建筑与交通工程学院,建筑学,蚌埠市,1
2008,建筑与交通工程学院,建筑学,衢州市,3
2008,建筑与交通工程学院,建筑学,金华市,1
2008,建筑与交通工程学院,建筑学,黄石市,1
2008,建筑与交通工程学院,建筑环境与设备工程,丽水市,2
2008,建筑与交通工程学院,建筑环境与设备工程,信阳市,1
2008,建筑与交通工程学院,建筑环境与设备工程,南充市,1
2008,建筑与交通工程学院,建筑环境与设备工程,南通市,1
2008,建筑与交通工程学院,建筑环境与设备工程,台州市,1
2008,建筑与交通工程学院,建筑环境与设备工程,嘉兴市,4
2008,建筑与交通工程学院,建筑环境与设备工程,宁波市,7
2008,建筑与交通工程学院,建筑环境与设备工程,杭州市,7
2008,建筑与交通工程学院,建筑环境与设备工程,毕节地区,1
2008,建筑与交通工程学院,建筑环境与设备工程,洛阳市,2
2008,建筑与交通工程学院,建筑环境与设备工程,温州市,5
2008,建筑与交通工程学院,建筑环境与设备工程,湖州市,5
2008,建筑与交通工程学院,建筑环境与设备工程,绍兴市,8
2008,建筑与交通工程学院,建筑环境与设备工程,绵阳市,1
2008,建筑与交通工程学院,建筑环境与设备工程,舟山市,1
2008,建筑与交通工程学院,建筑环境与设备工程,衢州市,5
2008,建筑与交通工程学院,建筑环境与设备工程,资阳市,1
2008,建筑与交通工程学院,建筑环境与设备工程,金华市,6
2008,建筑与交通工程学院,建筑环境与设备工程,黔东南苗族侗族自治州,1
2008,建筑与交通工程学院,物流管理,丽水市,3
2008,建筑与交通工程学院,物流管理,六盘水市,1
2008,建筑与交通工程学院,物流管理,南阳市,1
2008,建筑与交通工程学院,物流管理,台州市,6
2008,建筑与交通工程学院,物流管理,呼伦贝尔市,1
2008,建筑与交通工程学院,物流管理,商丘市,1
2008,建筑与交通工程学院,物流管理,嘉兴市,5
2008,建筑与交通工程学院,物流管理,天水市,1
2008,建筑与交通工程学院,物流管理,威海市,1
2008,建筑与交通工程学院,物流管理,宁波市,24
2008,建筑与交通工程学院,物流管理,定西市,1
2008,建筑与交通工程学院,物流管理,朝阳市,1
2008,建筑与交通工程学院,物流管理,杭州市,17
2008,建筑与交通工程学院,物流管理,温州市,6
2008,建筑与交通工程学院,物流管理,湖州市,5
2008,建筑与交通工程学院,物流管理,白银市,1
2008,建筑与交通工程学院,物流管理,绍兴市,8
2008,建筑与交通工程学院,物流管理,衢州市,2
2008,建筑与交通工程学院,物流管理,金华市,14
2008,建筑与交通工程学院,物流管理,黄山市,1
2008,建筑与交通工程学院,物流管理,黔东南苗族侗族自治州,1
2008,机械工程学院,机械设计制造及其自动化,丽水市,2
2008,机械工程学院,机械设计制造及其自动化,台州市,6
2008,机械工程学院,机械设计制造及其自动化,嘉兴市,5
2008,机械工程学院,机械设计制造及其自动化,宁波市,18
2008,机械工程学院,机械设计制造及其自动化,安庆市,1
2008,机械工程学院,机械设计制造及其自动化,定西市,1
2008,机械工程学院,机械设计制造及其自动化,巢湖市,1
2008,机械工程学院,机械设计制造及其自动化,抚州市,1
2008,机械工程学院,机械设计制造及其自动化,杭州市,7
2008,机械工程学院,机械设计制造及其自动化,永州市,1
2008,机械工程学院,机械设计制造及其自动化,温州市,12
2008,机械工程学院,机械设计制造及其自动化,湖州市,5
2008,机械工程学院,机械设计制造及其自动化,白银市,2
2008,机械工程学院,机械设计制造及其自动化,绍兴市,13
2008,机械工程学院,机械设计制造及其自动化,舟山市,3
2008,机械工程学院,机械设计制造及其自动化,衢州市,5
2008,机械工程学院,机械设计制造及其自动化,资阳市,1
2008,机械工程学院,机械设计制造及其自动化,遂宁市,1
2008,机械工程学院,机械设计制造及其自动化,遵义市,2
2008,机械工程学院,机械设计制造及其自动化,邵阳市,1
2008,机械工程学院,机械设计制造及其自动化,金华市,18
2008,机械工程学院,机械设计制造及其自动化,青岛市,1
2008,机械工程学院,材料成型及控制工程,台州市,5
2008,机械工程学院,材料成型及控制工程,周口市,1
2008,机械工程学院,材料成型及控制工程,嘉兴市,1
2008,机械工程学院,材料成型及控制工程,宁波市,11
2008,机械工程学院,材料成型及控制工程,庆阳市,1
2008,机械工程学院,材料成型及控制工程,杭州市,4
2008,机械工程学院,材料成型及控制工程,梧州市,1
2008,机械工程学院,材料成型及控制工程,温州市,6
2008,机械工程学院,材料成型及控制工程,湖州市,1
2008,机械工程学院,材料成型及控制工程,白银市,1
2008,机械工程学院,材料成型及控制工程,绍兴市,7
2008,机械工程学院,材料成型及控制工程,衢州市,8
2008,机械工程学院,材料成型及控制工程,贵港市,1
2008,机械工程学院,材料成型及控制工程,遵义市,1
2008,机械工程学院,材料成型及控制工程,金华市,9
2008,机械工程学院,材料成型及控制工程,黔东南苗族侗族自治州,1
2008,机械工程学院,模具设计与制造,丽水市,1
2008,机械工程学院,模具设计与制造,台州市,6
2008,机械工程学院,模具设计与制造,嘉兴市,1
2008,机械工程学院,模具设计与制造,宁波市,20
2008,机械工程学院,模具设计与制造,杭州市,3
2008,机械工程学院,模具设计与制造,温州市,5
2008,机械工程学院,模具设计与制造,绍兴市,22
2008,机械工程学院,模具设计与制造,衢州市,2
2008,机械工程学院,模具设计与制造,金华市,1
2008,机械工程学院,汽车服务工程,丽水市,2
2008,机械工程学院,汽车服务工程,信阳市,2
2008,机械工程学院,汽车服务工程,六安市,1
2008,机械工程学院,汽车服务工程,台州市,5
2008,机械工程学院,汽车服务工程,合肥市,1
2008,机械工程学院,汽车服务工程,周口市,1
2008,机械工程学院,汽车服务工程,嘉兴市,5
2008,机械工程学院,汽车服务工程,宁波市,9
2008,机械工程学院,汽车服务工程,安庆市,1
2008,机械工程学院,汽车服务工程,岳阳市,1
2008,机械工程学院,汽车服务工程,杭州市,8
2008,机械工程学院,汽车服务工程,温州市,5
2008,机械工程学院,汽车服务工程,湖州市,4
2008,机械工程学院,汽车服务工程,绍兴市,9
2008,机械工程学院,汽车服务工程,芜湖市,1
2008,机械工程学院,汽车服务工程,衡阳市,1
2008,机械工程学院,汽车服务工程,衢州市,4
2008,机械工程学院,汽车服务工程,襄樊市,1
2008,机械工程学院,汽车服务工程,金华市,5
2008,机械工程学院,汽车运用技术,丽水市,4
2008,机械工程学院,汽车运用技术,台州市,3
2008,机械工程学院,汽车运用技术,嘉兴市,3
2008,机械工程学院,汽车运用技术,宁波市,17
2008,机械工程学院,汽车运用技术,杭州市,2
2008,机械工程学院,汽车运用技术,温州市,13
2008,机械工程学院,汽车运用技术,湖州市,1
2008,机械工程学院,汽车运用技术,绍兴市,11
2008,机械工程学院,汽车运用技术,衢州市,3
2008,机械工程学院,汽车运用技术,金华市,3
2008,材料与化学工程学院,化学工程与工艺,丽水市,5
2008,材料与化学工程学院,化学工程与工艺,乌兰察布市,1
2008,材料与化学工程学院,化学工程与工艺,信阳市,1
2008,材料与化学工程学院,化学工程与工艺,台州市,6
2008,材料与化学工程学院,化学工程与工艺,周口市,1
2008,材料与化学工程学院,化学工程与工艺,嘉兴市,6
2008,材料与化学工程学院,化学工程与工艺,天水市,1
2008,材料与化学工程学院,化学工程与工艺,孝感市,2
2008,材料与化学工程学院,化学工程与工艺,宁波市,31
2008,材料与化学工程学院,化学工程与工艺,宜宾市,1
2008,材料与化学工程学院,化学工程与工艺,新乡市,1
2008,材料与化学工程学院,化学工程与工艺,杭州市,30
2008,材料与化学工程学院,化学工程与工艺,温州市,14
2008,材料与化学工程学院,化学工程与工艺,湖州市,11
2008,材料与化学工程学院,化学工程与工艺,滨州市,1
2008,材料与化学工程学院,化学工程与工艺,白银市,1
2008,材料与化学工程学院,化学工程与工艺,益阳市,1
2008,材料与化学工程学院,化学工程与工艺,绍兴市,21
2008,材料与化学工程学院,化学工程与工艺,肇庆市,1
2008,材料与化学工程学院,化学工程与工艺,衢州市,9
2008,材料与化学工程学院,化学工程与工艺,遵义市,1
2008,材料与化学工程学院,化学工程与工艺,金华市,20
2008,材料与化学工程学院,化学工程与工艺,锡林郭勒盟,1
2008,材料与化学工程学院,油气储运工程,内江市,1
2008,材料与化学工程学院,油气储运工程,南通市,1
2008,材料与化学工程学院,油气储运工程,南阳市,1
2008,材料与化学工程学院,油气储运工程,台州市,2
2008,材料与化学工程学院,油气储运工程,嘉兴市,4
2008,材料与化学工程学院,油气储运工程,宁波市,9
2008,材料与化学工程学院,油气储运工程,安阳市,1
2008,材料与化学工程学院,油气储运工程,徐州市,1
2008,材料与化学工程学院,油气储运工程,杭州市,5
2008,材料与化学工程学院,油气储运工程,温州市,1
2008,材料与化学工程学院,油气储运工程,渭南市,1
2008,材料与化学工程学院,油气储运工程,湖州市,1
2008,材料与化学工程学院,油气储运工程,漯河市,1
2008,材料与化学工程学院,油气储运工程,绍兴市,6
2008,材料与化学工程学院,油气储运工程,舟山市,1
2008,材料与化学工程学院,油气储运工程,衢州市,3
2008,材料与化学工程学院,油气储运工程,金华市,7
2008,材料与化学工程学院,油气储运工程,铜川市,1
2008,材料与化学工程学院,石油化工生产技术,丽水市,1
2008,材料与化学工程学院,石油化工生产技术,衢州市,1
2008,理学院,信息与计算科学,丽水市,1
2008,理学院,信息与计算科学,台州市,3
2008,理学院,信息与计算科学,嘉兴市,7
2008,理学院,信息与计算科学,宁波市,10
2008,理学院,信息与计算科学,安庆市,1
2008,理学院,信息与计算科学,巴彦淖尔市,1
2008,理学院,信息与计算科学,恩施土家族苗族自治州,1
2008,理学院,信息与计算科学,杭州市,6
2008,理学院,信息与计算科学,温州市,6
2008,理学院,信息与计算科学,湖州市,2
2008,理学院,信息与计算科学,漯河市,1
2008,理学院,信息与计算科学,绍兴市,8
2008,理学院,信息与计算科学,舟山市,1
2008,理学院,信息与计算科学,金华市,4
2008,理学院,信息与计算科学,驻马店市,1
2008,电子与信息工程学院,电子信息工程,上饶市,1
2008,电子与信息工程学院,电子信息工程,丽水市,1
2008,电子与信息工程学院,电子信息工程,台州市,7
2008,电子与信息工程学院,电子信息工程,呼伦贝尔市,1
2008,电子与信息工程学院,电子信息工程,呼和浩特市,1
2008,电子与信息工程学院,电子信息工程,嘉兴市,3
2008,电子与信息工程学院,电子信息工程,宁波市,10
2008,电子与信息工程学院,电子信息工程,平凉市,1
2008,电子与信息工程学院,电子信息工程,庆阳市,1
2008,电子与信息工程学院,电子信息工程,开封市,1
2008,电子与信息工程学院,电子信息工程,杭州市,6
2008,电子与信息工程学院,电子信息工程,温州市,7
2008,电子与信息工程学院,电子信息工程,湖州市,1
2008,电子与信息工程学院,电子信息工程,绍兴市,7
2008,电子与信息工程学院,电子信息工程,衢州市,2
2008,电子与信息工程学院,电子信息工程,赤峰市,1
2008,电子与信息工程学院,电子信息工程,金华市,3
2008,电子与信息工程学院,电子信息工程,金昌市,1
2008,电子与信息工程学院,电子信息工程,驻马店市,1
2008,电子与信息工程学院,电子科学与技术,丽水市,3
2008,电子与信息工程学院,电子科学与技术,内江市,1
2008,电子与信息工程学院,电子科学与技术,台州市,8
2008,电子与信息工程学院,电子科学与技术,周口市,1
2008,电子与信息工程学院,电子科学与技术,嘉兴市,10
2008,电子与信息工程学院,电子科学与技术,天水市,1
2008,电子与信息工程学院,电子科学与技术,宁波市,13
2008,电子与信息工程学院,电子科学与技术,宿迁市,1
2008,电子与信息工程学院,电子科学与技术,常德市,2
2008,电子与信息工程学院,电子科学与技术,杭州市,14
2008,电子与信息工程学院,电子科学与技术,毕节地区,1
2008,电子与信息工程学院,电子科学与技术,温州市,12
2008,电子与信息工程学院,电子科学与技术,湖州市,3
2008,电子与信息工程学院,电子科学与技术,漯河市,1
2008,电子与信息工程学院,电子科学与技术,绍兴市,16
2008,电子与信息工程学院,电子科学与技术,舟山市,1
2008,电子与信息工程学院,电子科学与技术,茂名市,1
2008,电子与信息工程学院,电子科学与技术,衢州市,9
2008,电子与信息工程学院,电子科学与技术,遵义市,1
2008,电子与信息工程学院,电子科学与技术,金华市,13
2008,电子与信息工程学院,电子科学与技术,陇南市,1
2008,电子与信息工程学院,电气工程及其自动化,丽水市,2
2008,电子与信息工程学院,电气工程及其自动化,信阳市,1
2008,电子与信息工程学院,电气工程及其自动化,南宁市,1
2008,电子与信息工程学院,电气工程及其自动化,台州市,7
2008,电子与信息工程学院,电气工程及其自动化,嘉兴市,1
2008,电子与信息工程学院,电气工程及其自动化,宁波市,12
2008,电子与信息工程学院,电气工程及其自动化,宣城市,1
2008,电子与信息工程学院,电气工程及其自动化,开封市,1
2008,电子与信息工程学院,电气工程及其自动化,杭州市,8
2008,电子与信息工程学院,电气工程及其自动化,温州市,3
2008,电子与信息工程学院,电气工程及其自动化,湖州市,2
2008,电子与信息工程学院,电气工程及其自动化,濮阳市,1
2008,电子与信息工程学院,电气工程及其自动化,绍兴市,10
2008,电子与信息工程学院,电气工程及其自动化,荆门市,1
2008,电子与信息工程学院,电气工程及其自动化,衢州市,7
2008,电子与信息工程学院,电气工程及其自动化,襄樊市,1
2008,电子与信息工程学院,电气工程及其自动化,金华市,6
2008,电子与信息工程学院,电气工程及其自动化,铜陵市,2
2008,电子与信息工程学院,计算机应用技术,金华市,1
2008,电子与信息工程学院,计算机控制技术,台州市,2
2008,电子与信息工程学院,计算机控制技术,嘉兴市,2
2008,电子与信息工程学院,计算机控制技术,宁波市,23
2008,电子与信息工程学院,计算机控制技术,杭州市,6
2008,电子与信息工程学院,计算机控制技术,温州市,11
2008,电子与信息工程学院,计算机控制技术,湖州市,3
2008,电子与信息工程学院,计算机控制技术,绍兴市,13
2008,电子与信息工程学院,计算机控制技术,舟山市,1
2008,电子与信息工程学院,计算机控制技术,衢州市,3
2008,电子与信息工程学院,计算机控制技术,金华市,4
2008,电子与信息工程学院,计算机科学与技术,上饶市,1
2008,电子与信息工程学院,计算机科学与技术,丽水市,2
2008,电子与信息工程学院,计算机科学与技术,台州市,4
2008,电子与信息工程学院,计算机科学与技术,咸阳市,1
2008,电子与信息工程学院,计算机科学与技术,嘉兴市,7
2008,电子与信息工程学院,计算机科学与技术,宁波市,20
2008,电子与信息工程学院,计算机科学与技术,安顺市,1
2008,电子与信息工程学院,计算机科学与技术,景德镇市,1
2008,电子与信息工程学院,计算机科学与技术,杭州市,5
2008,电子与信息工程学院,计算机科学与技术,温州市,9
2008,电子与信息工程学院,计算机科学与技术,湖州市,4
2008,电子与信息工程学院,计算机科学与技术,绍兴市,20
2008,电子与信息工程学院,计算机科学与技术,舟山市,2
2008,电子与信息工程学院,计算机科学与技术,衢州市,3
2008,电子与信息工程学院,计算机科学与技术,贵阳市,1
2008,电子与信息工程学院,计算机科学与技术,赤峰市,1
2008,电子与信息工程学院,计算机科学与技术,通辽市,1
2008,电子与信息工程学院,计算机科学与技术,遵义市,1
2008,电子与信息工程学院,计算机科学与技术,金华市,19
2008,经济与管理学院,会计学,429000市,1
2008,经济与管理学院,会计学,丽水市,3
2008,经济与管理学院,会计学,亳州市,1
2008,经济与管理学院,会计学,六盘水市,1
2008,经济与管理学院,会计学,南充市,1
2008,经济与管理学院,会计学,厦门市,1
2008,经济与管理学院,会计学,台州市,6
2008,经济与管理学院,会计学,周口市,1
2008,经济与管理学院,会计学,咸阳市,1
2008,经济与管理学院,会计学,嘉兴市,9
2008,经济与管理学院,会计学,宁波市,28
2008,经济与管理学院,会计学,安庆市,1
2008,经济与管理学院,会计学,杭州市,11
2008,经济与管理学院,会计学,榆林市,1
2008,经济与管理学院,会计学,温州市,5
2008,经济与管理学院,会计学,湖州市,6
2008,经济与管理学院,会计学,绍兴市,19
2008,经济与管理学院,会计学,舟山市,1
2008,经济与管理学院,会计学,衢州市,4
2008,经济与管理学院,会计学,贵港市,1
2008,经济与管理学院,会计学,资阳市,1
2008,经济与管理学院,会计学,赤峰市,1
2008,经济与管理学院,会计学,金华市,10
2008,经济与管理学院,会计学,黔东南苗族侗族自治州,1
2008,经济与管理学院,会计学,黔南布依族苗族自治州,1
2008,经济与管理学院,国际经济与贸易,丽水市,1
2008,经济与管理学院,国际经济与贸易,兰州市,1
2008,经济与管理学院,国际经济与贸易,台州市,3
2008,经济与管理学院,国际经济与贸易,嘉兴市,8
2008,经济与管理学院,国际经济与贸易,宁德市,1
2008,经济与管理学院,国际经济与贸易,宁波市,24
2008,经济与管理学院,国际经济与贸易,巢湖市,1
2008,经济与管理学院,国际经济与贸易,庆阳市,1
2008,经济与管理学院,国际经济与贸易,新乡市,1
2008,经济与管理学院,国际经济与贸易,无锡市,1
2008,经济与管理学院,国际经济与贸易,杭州市,15
2008,经济与管理学院,国际经济与贸易,柳州市,1
2008,经济与管理学院,国际经济与贸易,桂林市,1
2008,经济与管理学院,国际经济与贸易,武威市,1
2008,经济与管理学院,国际经济与贸易,泰州市,1
2008,经济与管理学院,国际经济与贸易,淮安市,1
2008,经济与管理学院,国际经济与贸易,温州市,5
2008,经济与管理学院,国际经济与贸易,湖州市,10
2008,经济与管理学院,国际经济与贸易,湛江市,1
2008,经济与管理学院,国际经济与贸易,绍兴市,15
2008,经济与管理学院,国际经济与贸易,舟山市,1
2008,经济与管理学院,国际经济与贸易,衢州市,7
2008,经济与管理学院,国际经济与贸易,通辽市,1
2008,经济与管理学院,国际经济与贸易,遵义市,1
2008,经济与管理学院,国际经济与贸易,金华市,19
2008,经济与管理学院,国际经济与贸易,驻马店市,1
2008,经济与管理学院,国际经济与贸易,黔南布依族苗族自治州,1
2008,经济与管理学院,市场营销,台州市,2
2008,经济与管理学院,市场营销,嘉兴市,7
2008,经济与管理学院,市场营销,宁波市,10
2008,经济与管理学院,市场营销,杭州市,8
2008,经济与管理学院,市场营销,泸州市,1
2008,经济与管理学院,市场营销,温州市,3
2008,经济与管理学院,市场营销,湖州市,1
2008,经济与管理学院,市场营销,焦作市,1
2008,经济与管理学院,市场营销,绍兴市,8
2008,经济与管理学院,市场营销,绵阳市,1
2008,经济与管理学院,市场营销,舟山市,2
2008,经济与管理学院,市场营销,芜湖市,1
2008,经济与管理学院,市场营销,衢州市,1
2008,经济与管理学院,市场营销,金华市,4
2008,经济与管理学院,市场营销,黔西南布依族苗族自治州,3
2009,人文与艺术学院,工业设计,信阳市,2
2009,人文与艺术学院,工业设计,台州市,1
2009,人文与艺术学院,工业设计,唐山市,2
2009,人文与艺术学院,工业设计,嘉兴市,1
2009,人文与艺术学院,工业设计,太原市,1
2009,人文与艺术学院,工业设计,宁波市,14
2009,人文与艺术学院,工业设计,廊坊市,1
2009,人文与艺术学院,工业设计,开封市,1
2009,人文与艺术学院,工业设计,张掖市,1
2009,人文与艺术学院,工业设计,杭州市,5
2009,人文与艺术学院,工业设计,温州市,3
2009,人文与艺术学院,工业设计,湖州市,3
2009,人文与艺术学院,工业设计,绍兴市,6
2009,人文与艺术学院,工业设计,舟山市,1
2009,人文与艺术学院,工业设计,衢州市,3
2009,人文与艺术学院,工业设计,重庆市,2
2009,人文与艺术学院,工业设计,金华市,7
2009,人文与艺术学院,工业设计,长治市,1
2009,人文与艺术学院,广告学,信阳市,2
2009,人文与艺术学院,广告学,六安市,1
2009,人文与艺术学院,广告学,六盘水市,1
2009,人文与艺术学院,广告学,兰州市,1
2009,人文与艺术学院,广告学,南充市,1
2009,人文与艺术学院,广告学,台州市,4
2009,人文与艺术学院,广告学,商洛市,1
2009,人文与艺术学院,广告学,嘉兴市,14
2009,人文与艺术学院,广告学,宁波市,17
2009,人文与艺术学院,广告学,杭州市,16
2009,人文与艺术学院,广告学,泸州市,1
2009,人文与艺术学院,广告学,温州市,4
2009,人文与艺术学院,广告学,湖州市,4
2009,人文与艺术学院,广告学,玉林市,1
2009,人文与艺术学院,广告学,白银市,1
2009,人文与艺术学院,广告学,绍兴市,17
2009,人文与艺术学院,广告学,舟山市,1
2009,人文与艺术学院,广告学,衢州市,6
2009,人文与艺术学院,广告学,金华市,5
2009,人文与艺术学院,汉语言文学,丽水市,2
2009,人文与艺术学院,汉语言文学,信阳市,1
2009,人文与艺术学院,汉语言文学,六安市,1
2009,人文与艺术学院,汉语言文学,台州市,2
2009,人文与艺术学院,汉语言文学,嘉兴市,3
2009,人文与艺术学院,汉语言文学,嘉峪关市,1
2009,人文与艺术学院,汉语言文学,天水市,1
2009,人文与艺术学院,汉语言文学,宁波市,10
2009,人文与艺术学院,汉语言文学,宿州市,1
2009,人文与艺术学院,汉语言文学,平凉市,1
2009,人文与艺术学院,汉语言文学,无锡市,1
2009,人文与艺术学院,汉语言文学,杭州市,5
2009,人文与艺术学院,汉语言文学,泸州市,1
2009,人文与艺术学院,汉语言文学,温州市,3
2009,人文与艺术学院,汉语言文学,湖州市,3
2009,人文与艺术学院,汉语言文学,绍兴市,12
2009,人文与艺术学院,汉语言文学,芜湖市,1
2009,人文与艺术学院,汉语言文学,衢州市,3
2009,人文与艺术学院,汉语言文学,许昌市,1
2009,人文与艺术学院,汉语言文学,金华市,4
2009,人文与艺术学院,汉语言文学,黔东南苗族侗族自治州,1
2009,人文与艺术学院,汉语言文学,黔南布依族苗族自治州,1
2009,外国语学院,应用英语,丽水市,2
2009,外国语学院,应用英语,台州市,4
2009,外国语学院,应用英语,嘉兴市,5
2009,外国语学院,应用英语,宁波市,43
2009,外国语学院,应用英语,杭州市,11
2009,外国语学院,应用英语,温州市,20
2009,外国语学院,应用英语,湖州市,3
2009,外国语学院,应用英语,绍兴市,21
2009,外国语学院,应用英语,舟山市,5
2009,外国语学院,应用英语,衢州市,4
2009,外国语学院,应用英语,金华市,14
2009,外国语学院,德语,六安市,1
2009,外国语学院,德语,台州市,2
2009,外国语学院,德语,宁波市,6
2009,外国语学院,德语,安庆市,1
2009,外国语学院,德语,杭州市,2
2009,外国语学院,德语,枣庄市,1
2009,外国语学院,德语,温州市,1
2009,外国语学院,德语,湖州市,1
2009,外国语学院,德语,濮阳市,1
2009,外国语学院,德语,绍兴市,3
2009,外国语学院,德语,衢州市,2
2009,外国语学院,德语,金华市,2
2009,外国语学院,日语,六安市,1
2009,外国语学院,日语,台州市,7
2009,外国语学院,日语,嘉兴市,2
2009,外国语学院,日语,宁波市,9
2009,外国语学院,日语,徐州市,1
2009,外国语学院,日语,杭州市,1
2009,外国语学院,日语,温州市,2
2009,外国语学院,日语,湖州市,2
2009,外国语学院,日语,绍兴市,9
2009,外国语学院,日语,舟山市,1
2009,外国语学院,日语,蚌埠市,1
2009,外国语学院,日语,衢州市,2
2009,外国语学院,日语,金华市,4
2009,外国语学院,日语,阜阳市,1
2009,外国语学院,英语,上饶市,1
2009,外国语学院,英语,丽水市,2
2009,外国语学院,英语,兰州市,1
2009,外国语学院,英语,唐山市,1
2009,外国语学院,英语,嘉兴市,7
2009,外国语学院,英语,宁波市,18
2009,外国语学院,英语,安顺市,1
2009,外国语学院,英语,杭州市,5
2009,外国语学院,英语,武威市,1
2009,外国语学院,英语,泸州市,1
2009,外国语学院,英语,温州市,5
2009,外国语学院,英语,湖州市,4
2009,外国语学院,英语,白银市,1
2009,外国语学院,英语,绍兴市,9
2009,外国语学院,英语,自贡市,1
2009,外国语学院,英语,衢州市,1
2009,外国语学院,英语,邵阳市,1
2009,外国语学院,英语,金华市,10
2009,外国语学院,英语,黔东南苗族侗族自治州,1
2009,建筑与交通工程学院,交通运输,丽水市,3
2009,建筑与交通工程学院,交通运输,台州市,2
2009,建筑与交通工程学院,交通运输,嘉兴市,3
2009,建筑与交通工程学院,交通运输,天水市,1
2009,建筑与交通工程学院,交通运输,宁波市,5
2009,建筑与交通工程学院,交通运输,杭州市,4
2009,建筑与交通工程学院,交通运输,毕节地区,1
2009,建筑与交通工程学院,交通运输,温州市,4
2009,建筑与交通工程学院,交通运输,湖州市,3
2009,建筑与交通工程学院,交通运输,白银市,1
2009,建筑与交通工程学院,交通运输,绍兴市,13
2009,建筑与交通工程学院,交通运输,衢州市,4
2009,建筑与交通工程学院,交通运输,遵义市,1
2009,建筑与交通工程学院,交通运输,金华市,8
2009,建筑与交通工程学院,交通运输,阳泉市,1
2009,建筑与交通工程学院,土木工程,429000市,1
2009,建筑与交通工程学院,土木工程,丽水市,2
2009,建筑与交通工程学院,土木工程,信阳市,3
2009,建筑与交通工程学院,土木工程,六安市,1
2009,建筑与交通工程学院,土木工程,六盘水市,1
2009,建筑与交通工程学院,土木工程,南昌市,1
2009,建筑与交通工程学院,土木工程,南阳市,1
2009,建筑与交通工程学院,土木工程,台州市,5
2009,建筑与交通工程学院,土木工程,嘉兴市,5
2009,建筑与交通工程学院,土木工程,宁波市,21
2009,建筑与交通工程学院,土木工程,广安市,1
2009,建筑与交通工程学院,土木工程,成都市,1
2009,建筑与交通工程学院,土木工程,杭州市,12
2009,建筑与交通工程学院,土木工程,桂林市,1
2009,建筑与交通工程学院,土木工程,梧州市,1
2009,建筑与交通工程学院,土木工程,榆林市,1
2009,建筑与交通工程学院,土木工程,泰安市,1
2009,建筑与交通工程学院,土木工程,温州市,8
2009,建筑与交通工程学院,土木工程,湖州市,6
2009,建筑与交通工程学院,土木工程,绍兴市,14
2009,建筑与交通工程学院,土木工程,舟山市,2
2009,建筑与交通工程学院,土木工程,衢州市,10
2009,建筑与交通工程学院,土木工程,金华市,15
2009,建筑与交通工程学院,土木工程,马鞍山市,1
2009,建筑与交通工程学院,工程管理,台州市,5
2009,建筑与交通工程学院,工程管理,周口市,1
2009,建筑与交通工程学院,工程管理,嘉兴市,6
2009,建筑与交通工程学院,工程管理,宁波市,5
2009,建筑与交通工程学院,工程管理,杭州市,7
2009,建筑与交通工程学院,工程管理,温州市,2
2009,建筑与交通工程学院,工程管理,湖州市,3
2009,建筑与交通工程学院,工程管理,绍兴市,10
2009,建筑与交通工程学院,工程管理,舟山市,1
2009,建筑与交通工程学院,工程管理,芜湖市,1
2009,建筑与交通工程学院,工程管理,衢州市,3
2009,建筑与交通工程学院,工程管理,贵阳市,2
2009,建筑与交通工程学院,工程管理,金华市,7
2009,建筑与交通工程学院,工程管理,黔东南苗族侗族自治州,1
2009,建筑与交通工程学院,建筑学,丽水市,1
2009,建筑与交通工程学院,建筑学,台州市,1
2009,建筑与交通工程学院,建筑学,咸宁市,1
2009,建筑与交通工程学院,建筑学,嘉兴市,3
2009,建筑与交通工程学院,建筑学,宁波市,4
2009,建筑与交通工程学院,建筑学,杭州市,8
2009,建筑与交通工程学院,建筑学,温州市,1
2009,建筑与交通工程学院,建筑学,湖州市,1
2009,建筑与交通工程学院,建筑学,白银市,2
2009,建筑与交通工程学院,建筑学,绍兴市,7
2009,建筑与交通工程学院,建筑学,舟山市,1
2009,建筑与交通工程学院,建筑学,衢州市,3
2009,建筑与交通工程学院,建筑学,襄樊市,1
2009,建筑与交通工程学院,建筑学,贵阳市,1
2009,建筑与交通工程学院,建筑学,遵义市,1
2009,建筑与交通工程学院,建筑学,金华市,2
2009,建筑与交通工程学院,建筑学,黔东南苗族侗族自治州,1
2009,建筑与交通工程学院,建筑环境与设备工程,丽水市,2
2009,建筑与交通工程学院,建筑环境与设备工程,内江市,1
2009,建筑与交通工程学院,建筑环境与设备工程,南充市,1
2009,建筑与交通工程学院,建筑环境与设备工程,台州市,1
2009,建筑与交通工程学院,建筑环境与设备工程,呼伦贝尔市,1
2009,建筑与交通工程学院,建筑环境与设备工程,商丘市,1
2009,建筑与交通工程学院,建筑环境与设备工程,嘉兴市,3
2009,建筑与交通工程学院,建筑环境与设备工程,宁波市,13
2009,建筑与交通工程学院,建筑环境与设备工程,杭州市,3
2009,建筑与交通工程学院,建筑环境与设备工程,温州市,5
2009,建筑与交通工程学院,建筑环境与设备工程,湖州市,6
2009,建筑与交通工程学院,建筑环境与设备工程,绍兴市,7
2009,建筑与交通工程学院,建筑环境与设备工程,舟山市,2
2009,建筑与交通工程学院,建筑环境与设备工程,衢州市,3
2009,建筑与交通工程学院,建筑环境与设备工程,遵义市,1
2009,建筑与交通工程学院,建筑环境与设备工程,金华市,6
2009,建筑与交通工程学院,建筑环境与设备工程,黔东南苗族侗族自治州,1
2009,建筑与交通工程学院,建筑环境与设备工程,黔南布依族苗族自治州,1
2009,建筑与交通工程学院,物流管理,黔西南布依族苗族自治州,1
2009,机械工程学院,机械设计制造及其自动化,丽水市,3
2009,机械工程学院,机械设计制造及其自动化,兰州市,2
2009,机械工程学院,机械设计制造及其自动化,台州市,9
2009,机械工程学院,机械设计制造及其自动化,商丘市,1
2009,机械工程学院,机械设计制造及其自动化,嘉兴市,6
2009,机械工程学院,机械设计制造及其自动化,宁波市,16
2009,机械工程学院,机械设计制造及其自动化,开封市,1
2009,机械工程学院,机械设计制造及其自动化,杭州市,18
2009,机械工程学院,机械设计制造及其自动化,淄博市,1
2009,机械工程学院,机械设计制造及其自动化,温州市,13
2009,机械工程学院,机械设计制造及其自动化,湖州市,5
2009,机械工程学院,机械设计制造及其自动化,白银市,1
2009,机械工程学院,机械设计制造及其自动化,绍兴市,20
2009,机械工程学院,机械设计制造及其自动化,舟山市,1
2009,机械工程学院,机械设计制造及其自动化,衢州市,6
2009,机械工程学院,机械设计制造及其自动化,贵港市,1
2009,机械工程学院,机械设计制造及其自动化,金华市,15
2009,机械工程学院,机械设计制造及其自动化,钦州市,1
2009,机械工程学院,机械设计制造及其自动化,黄山市,1
2009,机械工程学院,机械设计制造及其自动化,黔东南苗族侗族自治州,1
2009,机械工程学院,材料成型及控制工程,信阳市,1
2009,机械工程学院,材料成型及控制工程,嘉兴市,7
2009,机械工程学院,材料成型及控制工程,宁波市,11
2009,机械工程学院,材料成型及控制工程,巴中市,1
2009,机械工程学院,材料成型及控制工程,杭州市,3
2009,机械工程学院,材料成型及控制工程,毕节地区,1
2009,机械工程学院,材料成型及控制工程,淮北市,1
2009,机械工程学院,材料成型及控制工程,淮南市,1
2009,机械工程学院,材料成型及控制工程,温州市,6
2009,机械工程学院,材料成型及控制工程,绍兴市,13
2009,机械工程学院,材料成型及控制工程,舟山市,1
2009,机械工程学院,材料成型及控制工程,衢州市,3
2009,机械工程学院,材料成型及控制工程,许昌市,1
2009,机械工程学院,材料成型及控制工程,金华市,5
2009,机械工程学院,材料成型及控制工程,鹤壁市,1
2009,机械工程学院,材料成型及控制工程,黔东南苗族侗族自治州,1
2009,机械工程学院,模具设计与制造,丽水市,2
2009,机械工程学院,模具设计与制造,台州市,3
2009,机械工程学院,模具设计与制造,嘉兴市,2
2009,机械工程学院,模具设计与制造,宁波市,18
2009,机械工程学院,模具设计与制造,杭州市,7
2009,机械工程学院,模具设计与制造,温州市,6
2009,机械工程学院,模具设计与制造,湖州市,2
2009,机械工程学院,模具设计与制造,绍兴市,18
2009,机械工程学院,模具设计与制造,衢州市,3
2009,机械工程学院,模具设计与制造,金华市,9
2009,机械工程学院,汽车服务工程,台州市,1
2009,机械工程学院,汽车服务工程,商丘市,1
2009,机械工程学院,汽车服务工程,嘉兴市,4
2009,机械工程学院,汽车服务工程,宁波市,9
2009,机械工程学院,汽车服务工程,杭州市,2
2009,机械工程学院,汽车服务工程,淮北市,1
2009,机械工程学院,汽车服务工程,温州市,3
2009,机械工程学院,汽车服务工程,益阳市,1
2009,机械工程学院,汽车服务工程,绍兴市,11
2009,机械工程学院,汽车服务工程,芜湖市,1
2009,机械工程学院,汽车服务工程,衢州市,1
2009,机械工程学院,汽车服务工程,襄樊市,1
2009,机械工程学院,汽车服务工程,金华市,8
2009,机械工程学院,汽车服务工程,铜仁地区,1
2009,机械工程学院,汽车服务工程,驻马店市,1
2009,机械工程学院,汽车服务工程,黔东南苗族侗族自治州,1
2009,机械工程学院,汽车运用技术,丽水市,3
2009,机械工程学院,汽车运用技术,嘉兴市,4
2009,机械工程学院,汽车运用技术,宁波市,31
2009,机械工程学院,汽车运用技术,杭州市,4
2009,机械工程学院,汽车运用技术,温州市,8
2009,机械工程学院,汽车运用技术,湖州市,6
2009,机械工程学院,汽车运用技术,绍兴市,6
2009,机械工程学院,汽车运用技术,舟山市,1
2009,机械工程学院,汽车运用技术,衢州市,4
2009,机械工程学院,汽车运用技术,金华市,1
2009,材料与化学工程学院,化学工程与工艺,九江市,1
2009,材料与化学工程学院,化学工程与工艺,保定市,1
2009,材料与化学工程学院,化学工程与工艺,六盘水市,1
2009,材料与化学工程学院,化学工程与工艺,台州市,6
2009,材料与化学工程学院,化学工程与工艺,呼和浩特市,1
2009,材料与化学工程学院,化学工程与工艺,咸宁市,1
2009,材料与化学工程学院,化学工程与工艺,商丘市,1
2009,材料与化学工程学院,化学工程与工艺,嘉兴市,15
2009,材料与化学工程学院,化学工程与工艺,天水市,1
2009,材料与化学工程学院,化学工程与工艺,宁波市,26
2009,材料与化学工程学院,化学工程与工艺,常德市,1
2009,材料与化学工程学院,化学工程与工艺,杭州市,20
2009,材料与化学工程学院,化学工程与工艺,武威市,1
2009,材料与化学工程学院,化学工程与工艺,温州市,17
2009,材料与化学工程学院,化学工程与工艺,湖州市,11
2009,材料与化学工程学院,化学工程与工艺,秦皇岛市,1
2009,材料与化学工程学院,化学工程与工艺,绍兴市,31
2009,材料与化学工程学院,化学工程与工艺,舟山市,1
2009,材料与化学工程学院,化学工程与工艺,芜湖市,1
2009,材料与化学工程学院,化学工程与工艺,衢州市,8
2009,材料与化学工程学院,化学工程与工艺,贵阳市,1
2009,材料与化学工程学院,化学工程与工艺,赤峰市,1
2009,材料与化学工程学院,化学工程与工艺,连云港市,1
2009,材料与化学工程学院,化学工程与工艺,遵义市,1
2009,材料与化学工程学院,化学工程与工艺,郴州市,1
2009,材料与化学工程学院,化学工程与工艺,金华市,20
2009,材料与化学工程学院,化学工程与工艺,青岛市,1
2009,材料与化学工程学院,油气储运工程,六安市,1
2009,材料与化学工程学院,油气储运工程,台州市,3
2009,材料与化学工程学院,油气储运工程,周口市,1
2009,材料与化学工程学院,油气储运工程,宁波市,9
2009,材料与化学工程学院,油气储运工程,杭州市,6
2009,材料与化学工程学院,油气储运工程,淮安市,1
2009,材料与化学工程学院,油气储运工程,温州市,6
2009,材料与化学工程学院,油气储运工程,湖州市,5
2009,材料与化学工程学院,油气储运工程,绍兴市,9
2009,材料与化学工程学院,油气储运工程,自贡市,1
2009,材料与化学工程学院,油气储运工程,衢州市,4
2009,材料与化学工程学院,油气储运工程,郑州市,1
2009,材料与化学工程学院,油气储运工程,金华市,8
2009,理学院,信息与计算科学,丽水市,2
2009,理学院,信息与计算科学,信阳市,2
2009,理学院,信息与计算科学,包头市,1
2009,理学院,信息与计算科学,台州市,2
2009,理学院,信息与计算科学,嘉兴市,3
2009,理学院,信息与计算科学,宁波市,6
2009,理学院,信息与计算科学,朔州市,1
2009,理学院,信息与计算科学,杭州市,4
2009,理学院,信息与计算科学,温州市,3
2009,理学院,信息与计算科学,湖州市,2
2009,理学院,信息与计算科学,绍兴市,11
2009,理学院,信息与计算科学,芜湖市,1
2009,理学院,信息与计算科学,荆州市,1
2009,理学院,信息与计算科学,衢州市,7
2009,理学院,信息与计算科学,赤峰市,1
2009,理学院,信息与计算科学,金华市,8
2009,理学院,信息与计算科学,随州市,1
2009,理学院,信息与计算科学,驻马店市,1
2009,理学院,信息与计算科学,黄石市,1
2009,电子与信息工程学院,电子信息工程,丽水市,5
2009,电子与信息工程学院,电子信息工程,南阳市,1
2009,电子与信息工程学院,电子信息工程,台州市,4
2009,电子与信息工程学院,电子信息工程,嘉兴市,6
2009,电子与信息工程学院,电子信息工程,宁波市,15
2009,电子与信息工程学院,电子信息工程,安阳市,1
2009,电子与信息工程学院,电子信息工程,平凉市,1
2009,电子与信息工程学院,电子信息工程,庆阳市,1
2009,电子与信息工程学院,电子信息工程,张掖市,1
2009,电子与信息工程学院,电子信息工程,杭州市,12
2009,电子与信息工程学院,电子信息工程,沧州市,1
2009,电子与信息工程学院,电子信息工程,温州市,12
2009,电子与信息工程学院,电子信息工程,湖州市,7
2009,电子与信息工程学院,电子信息工程,绍兴市,12
2009,电子与信息工程学院,电子信息工程,舟山市,2
2009,电子与信息工程学院,电子信息工程,衡水市,2
2009,电子与信息工程学院,电子信息工程,衢州市,12
2009,电子与信息工程学院,电子信息工程,遵义市,1
2009,电子与信息工程学院,电子信息工程,郑州市,1
2009,电子与信息工程学院,电子信息工程,重庆市,1
2009,电子与信息工程学院,电子信息工程,金华市,12
2009,电子与信息工程学院,电子信息工程,黔东南苗族侗族自治州,1
2009,电子与信息工程学院,电子科学与技术,六安市,1
2009,电子与信息工程学院,电子科学与技术,南通市,1
2009,电子与信息工程学院,电子科学与技术,台州市,2
2009,电子与信息工程学院,电子科学与技术,嘉兴市,2
2009,电子与信息工程学院,电子科学与技术,天水市,2
2009,电子与信息工程学院,电子科学与技术,宁波市,9
2009,电子与信息工程学院,电子科学与技术,杭州市,9
2009,电子与信息工程学院,电子科学与技术,武威市,1
2009,电子与信息工程学院,电子科学与技术,温州市,7
2009,电子与信息工程学院,电子科学与技术,湖州市,4
2009,电子与信息工程学院,电子科学与技术,湘潭市,1
2009,电子与信息工程学院,电子科学与技术,益阳市,1
2009,电子与信息工程学院,电子科学与技术,绍兴市,3
2009,电子与信息工程学院,电子科学与技术,舟山市,1
2009,电子与信息工程学院,电子科学与技术,衢州市,3
2009,电子与信息工程学院,电子科学与技术,金华市,4
2009,电子与信息工程学院,电气工程及其自动化,丽水市,1
2009,电子与信息工程学院,电气工程及其自动化,信阳市,1
2009,电子与信息工程学院,电气工程及其自动化,南阳市,1
2009,电子与信息工程学院,电气工程及其自动化,台州市,1
2009,电子与信息工程学院,电气工程及其自动化,嘉兴市,4
2009,电子与信息工程学院,电气工程及其自动化,太原市,1
2009,电子与信息工程学院,电气工程及其自动化,宁波市,7
2009,电子与信息工程学院,电气工程及其自动化,定西市,1
2009,电子与信息工程学院,电气工程及其自动化,宝鸡市,1
2009,电子与信息工程学院,电气工程及其自动化,张掖市,1
2009,电子与信息工程学院,电气工程及其自动化,杭州市,8
2009,电子与信息工程学院,电气工程及其自动化,淮安市,1
2009,电子与信息工程学院,电气工程及其自动化,温州市,4
2009,电子与信息工程学院,电气工程及其自动化,湖州市,3
2009,电子与信息工程学院,电气工程及其自动化,白银市,1
2009,电子与信息工程学院,电气工程及其自动化,绍兴市,8
2009,电子与信息工程学院,电气工程及其自动化,舟山市,1
2009,电子与信息工程学院,电气工程及其自动化,衢州市,3
2009,电子与信息工程学院,电气工程及其自动化,西安市,1
2009,电子与信息工程学院,电气工程及其自动化,金华市,10
2009,电子与信息工程学院,电气工程及其自动化,阜阳市,1
2009,电子与信息工程学院,计算机控制技术,丽水市,1
2009,电子与信息工程学院,计算机控制技术,台州市,4
2009,电子与信息工程学院,计算机控制技术,宁波市,25
2009,电子与信息工程学院,计算机控制技术,杭州市,2
2009,电子与信息工程学院,计算机控制技术,温州市,6
2009,电子与信息工程学院,计算机控制技术,湖州市,2
2009,电子与信息工程学院,计算机控制技术,绍兴市,15
2009,电子与信息工程学院,计算机控制技术,衢州市,2
2009,电子与信息工程学院,计算机控制技术,金华市,3
2009,电子与信息工程学院,计算机科学与技术,丽水市,3
2009,电子与信息工程学院,计算机科学与技术,亳州市,1
2009,电子与信息工程学院,计算机科学与技术,包头市,1
2009,电子与信息工程学院,计算机科学与技术,北海市,1
2009,电子与信息工程学院,计算机科学与技术,南宁市,1
2009,电子与信息工程学院,计算机科学与技术,台州市,4
2009,电子与信息工程学院,计算机科学与技术,周口市,1
2009,电子与信息工程学院,计算机科学与技术,商丘市,1
2009,电子与信息工程学院,计算机科学与技术,嘉兴市,8
2009,电子与信息工程学院,计算机科学与技术,宁波市,14
2009,电子与信息工程学院,计算机科学与技术,庆阳市,1
2009,电子与信息工程学院,计算机科学与技术,成都市,1
2009,电子与信息工程学院,计算机科学与技术,杭州市,13
2009,电子与信息工程学院,计算机科学与技术,温州市,13
2009,电子与信息工程学院,计算机科学与技术,湖州市,2
2009,电子与信息工程学院,计算机科学与技术,焦作市,1
2009,电子与信息工程学院,计算机科学与技术,绍兴市,11
2009,电子与信息工程学院,计算机科学与技术,衢州市,8
2009,电子与信息工程学院,计算机科学与技术,遵义市,1
2009,电子与信息工程学院,计算机科学与技术,金华市,18
2009,电子与信息工程学院,计算机科学与技术,黔西南布依族苗族自治州,1
2009,电子与信息工程学院,计算机网络技术,宁波市,1
2009,经济与管理学院,会计学,丽水市,2
2009,经济与管理学院,会计学,亳州市,1
2009,经济与管理学院,会计学,台州市,10
2009,经济与管理学院,会计学,嘉兴市,12
2009,经济与管理学院,会计学,宁德市,1
2009,经济与管理学院,会计学,宁波市,19
2009,经济与管理学院,会计学,安庆市,1
2009,经济与管理学院,会计学,安顺市,1
2009,经济与管理学院,会计学,巴中市,1
2009,经济与管理学院,会计学,廊坊市,1
2009,经济与管理学院,会计学,杭州市,12
2009,经济与管理学院,会计学,温州市,6
2009,经济与管理学院,会计学,湖州市,4
2009,经济与管理学院,会计学,焦作市,1
2009,经济与管理学院,会计学,石家庄市,1
2009,经济与管理学院,会计学,绍兴市,17
2009,经济与管理学院,会计学,自贡市,1
2009,经济与管理学院,会计学,舟山市,2
2009,经济与管理学院,会计学,贵阳市,1
2009,经济与管理学院,会计学,金华市,15
2009,经济与管理学院,会计学,鹤壁市,1
2009,经济与管理学院,会计学,龙岩市,1
2009,经济与管理学院,国际经济与贸易,上饶市,1
2009,经济与管理学院,国际经济与贸易,丽水市,1
2009,经济与管理学院,国际经济与贸易,兰州市,1
2009,经济与管理学院,国际经济与贸易,北海市,1
2009,经济与管理学院,国际经济与贸易,台州市,4
2009,经济与管理学院,国际经济与贸易,呼伦贝尔市,2
2009,经济与管理学院,国际经济与贸易,嘉兴市,12
2009,经济与管理学院,国际经济与贸易,宁波市,28
2009,经济与管理学院,国际经济与贸易,安庆市,1
2009,经济与管理学院,国际经济与贸易,安康市,1
2009,经济与管理学院,国际经济与贸易,张掖市,1
2009,经济与管理学院,国际经济与贸易,杭州市,11
2009,经济与管理学院,国际经济与贸易,温州市,8
2009,经济与管理学院,国际经济与贸易,湖州市,9
2009,经济与管理学院,国际经济与贸易,盐城市,1
2009,经济与管理学院,国际经济与贸易,绍兴市,19
2009,经济与管理学院,国际经济与贸易,舟山市,1
2009,经济与管理学院,国际经济与贸易,衢州市,3
2009,经济与管理学院,国际经济与贸易,金华市,8
2009,经济与管理学院,国际经济与贸易,钦州市,1
2009,经济与管理学院,国际经济与贸易,黔东南苗族侗族自治州,1
2009,经济与管理学院,国际经济与贸易,黔西南布依族苗族自治州,1
2009,经济与管理学院,市场营销,丽水市,1
2009,经济与管理学院,市场营销,南充市,1
2009,经济与管理学院,市场营销,台州市,4
2009,经济与管理学院,市场营销,嘉兴市,5
2009,经济与管理学院,市场营销,宁波市,4
2009,经济与管理学院,市场营销,宝鸡市,1
2009,经济与管理学院,市场营销,杭州市,6
2009,经济与管理学院,市场营销,泉州市,1
2009,经济与管理学院,市场营销,温州市,5
2009,经济与管理学院,市场营销,湖州市,5
2009,经济与管理学院,市场营销,绍兴市,11
2009,经济与管理学院,市场营销,舟山市,1
2009,经济与管理学院,市场营销,衢州市,3
2009,经济与管理学院,市场营销,遵义市,2
2009,经济与管理学院,市场营销,金华市,4
2009,经济与管理学院,市场营销,阜阳市,1
2009,经济与管理学院,物流管理,429000市,1
2009,经济与管理学院,物流管理,丽水市,2
2009,经济与管理学院,物流管理,亳州市,1
2009,经济与管理学院,物流管理,信阳市,1
2009,经济与管理学院,物流管理,台州市,9
2009,经济与管理学院,物流管理,咸宁市,1
2009,经济与管理学院,物流管理,嘉兴市,9
2009,经济与管理学院,物流管理,娄底市,1
2009,经济与管理学院,物流管理,宁波市,22
2009,经济与管理学院,物流管理,岳阳市,1
2009,经济与管理学院,物流管理,杭州市,12
2009,经济与管理学院,物流管理,毕节地区,1
2009,经济与管理学院,物流管理,温州市,10
2009,经济与管理学院,物流管理,湖州市,4
2009,经济与管理学院,物流管理,漯河市,1
2009,经济与管理学院,物流管理,绍兴市,17
2009,经济与管理学院,物流管理,舟山市,2
2009,经济与管理学院,物流管理,荆州市,1
2009,经济与管理学院,物流管理,衡水市,1
2009,经济与管理学院,物流管理,衢州市,3
2009,经济与管理学院,物流管理,赣州市,1
2009,经济与管理学院,物流管理,重庆市,1
2009,经济与管理学院,物流管理,金华市,12
2010,人文与艺术学院,工业设计,三明市,1
2010,人文与艺术学院,工业设计,丽水市,1
2010,人文与艺术学院,工业设计,亳州市,1
2010,人文与艺术学院,工业设计,台州市,3
2010,人文与艺术学院,工业设计,嘉兴市,6
2010,人文与艺术学院,工业设计,宁波市,7
2010,人文与艺术学院,工业设计,杭州市,6
2010,人文与艺术学院,工业设计,汉中市,1
2010,人文与艺术学院,工业设计,汕头市,1
2010,人文与艺术学院,工业设计,沧州市,1
2010,人文与艺术学院,工业设计,泸州市,1
2010,人文与艺术学院,工业设计,深圳市,1
2010,人文与艺术学院,工业设计,温州市,5
2010,人文与艺术学院,工业设计,湖州市,5
2010,人文与艺术学院,工业设计,绍兴市,2
2010,人文与艺术学院,工业设计,舟山市,1
2010,人文与艺术学院,工业设计,衢州市,3
2010,人文与艺术学院,工业设计,金华市,6
2010,人文与艺术学院,工业设计,阳江市,1
2010,人文与艺术学院,广告学,上饶市,2
2010,人文与艺术学院,广告学,丽水市,2
2010,人文与艺术学院,广告学,信阳市,2
2010,人文与艺术学院,广告学,北海市,1
2010,人文与艺术学院,广告学,台州市,1
2010,人文与艺术学院,广告学,嘉兴市,7
2010,人文与艺术学院,广告学,宁波市,9
2010,人文与艺术学院,广告学,定西市,1
2010,人文与艺术学院,广告学,杭州市,10
2010,人文与艺术学院,广告学,柳州市,1
2010,人文与艺术学院,广告学,温州市,2
2010,人文与艺术学院,广告学,湖州市,6
2010,人文与艺术学院,广告学,漯河市,1
2010,人文与艺术学院,广告学,绍兴市,7
2010,人文与艺术学院,广告学,衢州市,3
2010,人文与艺术学院,广告学,金华市,4
2010,人文与艺术学院,广告学,铜陵市,1
2010,人文与艺术学院,广告学,黄山市,1
2010,人文与艺术学院,汉语言文学,丽水市,2
2010,人文与艺术学院,汉语言文学,信阳市,1
2010,人文与艺术学院,汉语言文学,台州市,3
2010,人文与艺术学院,汉语言文学,嘉兴市,4
2010,人文与艺术学院,汉语言文学,宁德市,1
2010,人文与艺术学院,汉语言文学,宁波市,23
2010,人文与艺术学院,汉语言文学,杭州市,16
2010,人文与艺术学院,汉语言文学,毕节地区,1
2010,人文与艺术学院,汉语言文学,温州市,8
2010,人文与艺术学院,汉语言文学,湖州市,8
2010,人文与艺术学院,汉语言文学,漯河市,1
2010,人文与艺术学院,汉语言文学,绍兴市,10
2010,人文与艺术学院,汉语言文学,绵阳市,1
2010,人文与艺术学院,汉语言文学,舟山市,2
2010,人文与艺术学院,汉语言文学,芜湖市,1
2010,人文与艺术学院,汉语言文学,衢州市,10
2010,人文与艺术学院,汉语言文学,赣州市,1
2010,人文与艺术学院,汉语言文学,金华市,18
2010,人文与艺术学院,汉语言文学,黔东南苗族侗族自治州,1
2010,外国语学院,德语,三明市,1
2010,外国语学院,德语,上饶市,1
2010,外国语学院,德语,丽水市,1
2010,外国语学院,德语,台州市,1
2010,外国语学院,德语,嘉兴市,6
2010,外国语学院,德语,宁波市,8
2010,外国语学院,德语,杭州市,5
2010,外国语学院,德语,泸州市,1
2010,外国语学院,德语,温州市,3
2010,外国语学院,德语,石家庄市,1
2010,外国语学院,德语,秦皇岛市,1
2010,外国语学院,德语,绍兴市,3
2010,外国语学院,德语,衡水市,1
2010,外国语学院,德语,衢州市,1
2010,外国语学院,德语,贵阳市,1
2010,外国语学院,德语,金华市,8
2010,外国语学院,日语,信阳市,1
2010,外国语学院,日语,南宁市,1
2010,外国语学院,日语,南阳市,1
2010,外国语学院,日语,嘉兴市,1
2010,外国语学院,日语,威海市,1
2010,外国语学院,日语,宁波市,6
2010,外国语学院,日语,杭州市,7
2010,外国语学院,日语,温州市,2
2010,外国语学院,日语,湖州市,2
2010,外国语学院,日语,玉林市,1
2010,外国语学院,日语,绍兴市,5
2010,外国语学院,日语,衢州市,3
2010,外国语学院,日语,金华市,1
2010,外国语学院,英语,上饶市,3
2010,外国语学院,英语,丽水市,3
2010,外国语学院,英语,南阳市,1
2010,外国语学院,英语,台州市,6
2010,外国语学院,英语,嘉兴市,9
2010,外国语学院,英语,宁德市,1
2010,外国语学院,英语,宁波市,32
2010,外国语学院,英语,岳阳市,1
2010,外国语学院,英语,张掖市,1
2010,外国语学院,英语,日照市,1
2010,外国语学院,英语,杭州市,16
2010,外国语学院,英语,株洲市,1
2010,外国语学院,英语,梧州市,1
2010,外国语学院,英语,温州市,15
2010,外国语学院,英语,湖州市,6
2010,外国语学院,英语,漳州市,1
2010,外国语学院,英语,绍兴市,22
2010,外国语学院,英语,聊城市,1
2010,外国语学院,英语,自贡市,1
2010,外国语学院,英语,舟山市,2
2010,外国语学院,英语,衢州市,8
2010,外国语学院,英语,贵阳市,1
2010,外国语学院,英语,资阳市,1
2010,外国语学院,英语,金华市,22
2010,外国语学院,英语,阜阳市,2
2010,外国语学院,英语,驻马店市,2
2010,外国语学院,英语,龙岩市,1
2010,建筑与交通工程学院,交通运输,丽水市,1
2010,建筑与交通工程学院,交通运输,六盘水市,1
2010,建筑与交通工程学院,交通运输,兴安盟,1
2010,建筑与交通工程学院,交通运输,嘉兴市,4
2010,建筑与交通工程学院,交通运输,天水市,1
2010,建筑与交通工程学院,交通运输,宁波市,11
2010,建筑与交通工程学院,交通运输,安康市,1
2010,建筑与交通工程学院,交通运输,庆阳市,1
2010,建筑与交通工程学院,交通运输,怀化市,1
2010,建筑与交通工程学院,交通运输,朔州市,1
2010,建筑与交通工程学院,交通运输,杭州市,11
2010,建筑与交通工程学院,交通运输,温州市,1
2010,建筑与交通工程学院,交通运输,珠海市,1
2010,建筑与交通工程学院,交通运输,益阳市,1
2010,建筑与交通工程学院,交通运输,绍兴市,10
2010,建筑与交通工程学院,交通运输,衢州市,2
2010,建筑与交通工程学院,交通运输,赤峰市,1
2010,建筑与交通工程学院,交通运输,金华市,2
2010,建筑与交通工程学院,交通运输,黔东南苗族侗族自治州,1
2010,建筑与交通工程学院,土木工程,丽水市,5
2010,建筑与交通工程学院,土木工程,信阳市,1
2010,建筑与交通工程学院,土木工程,南昌市,1
2010,建筑与交通工程学院,土木工程,台州市,2
2010,建筑与交通工程学院,土木工程,呼伦贝尔市,1
2010,建筑与交通工程学院,土木工程,嘉兴市,8
2010,建筑与交通工程学院,土木工程,大同市,1
2010,建筑与交通工程学院,土木工程,宁波市,20
2010,建筑与交通工程学院,土木工程,杭州市,12
2010,建筑与交通工程学院,土木工程,温州市,7
2010,建筑与交通工程学院,土木工程,湖州市,7
2010,建筑与交通工程学院,土木工程,玉林市,1
2010,建筑与交通工程学院,土木工程,绍兴市,21
2010,建筑与交通工程学院,土木工程,绵阳市,1
2010,建筑与交通工程学院,土木工程,舟山市,1
2010,建筑与交通工程学院,土木工程,芜湖市,2
2010,建筑与交通工程学院,土木工程,衢州市,5
2010,建筑与交通工程学院,土木工程,许昌市,1
2010,建筑与交通工程学院,土木工程,遵义市,1
2010,建筑与交通工程学院,土木工程,邯郸市,1
2010,建筑与交通工程学院,土木工程,金华市,10
2010,建筑与交通工程学院,土木工程,钦州市,1
2010,建筑与交通工程学院,工程管理,丽水市,1
2010,建筑与交通工程学院,工程管理,台州市,2
2010,建筑与交通工程学院,工程管理,周口市,1
2010,建筑与交通工程学院,工程管理,嘉兴市,1
2010,建筑与交通工程学院,工程管理,宁波市,5
2010,建筑与交通工程学院,工程管理,安阳市,1
2010,建筑与交通工程学院,工程管理,巢湖市,1
2010,建筑与交通工程学院,工程管理,杭州市,11
2010,建筑与交通工程学院,工程管理,枣庄市,1
2010,建筑与交通工程学院,工程管理,柳州市,1
2010,建筑与交通工程学院,工程管理,泉州市,1
2010,建筑与交通工程学院,工程管理,淮安市,1
2010,建筑与交通工程学院,工程管理,温州市,4
2010,建筑与交通工程学院,工程管理,湖州市,2
2010,建筑与交通工程学院,工程管理,绍兴市,7
2010,建筑与交通工程学院,工程管理,舟山市,3
2010,建筑与交通工程学院,工程管理,衢州市,2
2010,建筑与交通工程学院,工程管理,遵义市,1
2010,建筑与交通工程学院,工程管理,金华市,4
2010,建筑与交通工程学院,工程管理,随州市,1
2010,建筑与交通工程学院,工程管理,黄山市,1
2010,建筑与交通工程学院,工程管理,黔东南苗族侗族自治州,1
2010,建筑与交通工程学院,建筑学,丽水市,1
2010,建筑与交通工程学院,建筑学,兰州市,2
2010,建筑与交通工程学院,建筑学,咸阳市,1
2010,建筑与交通工程学院,建筑学,嘉兴市,1
2010,建筑与交通工程学院,建筑学,宁德市,1
2010,建筑与交通工程学院,建筑学,宁波市,13
2010,建筑与交通工程学院,建筑学,张掖市,1
2010,建筑与交通工程学院,建筑学,成都市,1
2010,建筑与交通工程学院,建筑学,杭州市,3
2010,建筑与交通工程学院,建筑学,温州市,3
2010,建筑与交通工程学院,建筑学,湖州市,1
2010,建筑与交通工程学院,建筑学,绍兴市,6
2010,建筑与交通工程学院,建筑学,自贡市,1
2010,建筑与交通工程学院,建筑学,莆田市,1
2010,建筑与交通工程学院,建筑学,衢州市,1
2010,建筑与交通工程学院,建筑学,襄樊市,1
2010,建筑与交通工程学院,建筑学,金华市,7
2010,建筑与交通工程学院,建筑环境与设备工程,临汾市,1
2010,建筑与交通工程学院,建筑环境与设备工程,丽水市,2
2010,建筑与交通工程学院,建筑环境与设备工程,台州市,1
2010,建筑与交通工程学院,建筑环境与设备工程,嘉兴市,4
2010,建筑与交通工程学院,建筑环境与设备工程,大同市,1
2010,建筑与交通工程学院,建筑环境与设备工程,宁波市,9
2010,建筑与交通工程学院,建筑环境与设备工程,开封市,1
2010,建筑与交通工程学院,建筑环境与设备工程,攀枝花市,1
2010,建筑与交通工程学院,建筑环境与设备工程,新乡市,1
2010,建筑与交通工程学院,建筑环境与设备工程,无锡市,1
2010,建筑与交通工程学院,建筑环境与设备工程,杭州市,5
2010,建筑与交通工程学院,建筑环境与设备工程,泰州市,1
2010,建筑与交通工程学院,建筑环境与设备工程,泸州市,1
2010,建筑与交通工程学院,建筑环境与设备工程,温州市,4
2010,建筑与交通工程学院,建筑环境与设备工程,绍兴市,7
2010,建筑与交通工程学院,建筑环境与设备工程,衢州市,1
2010,建筑与交通工程学院,建筑环境与设备工程,许昌市,1
2010,建筑与交通工程学院,建筑环境与设备工程,赣州市,1
2010,建筑与交通工程学院,建筑环境与设备工程,金华市,3
2010,建筑与交通工程学院,建筑环境与设备工程,铜仁地区,1
2010,建筑与交通工程学院,建筑环境与设备工程,长治市,1
2010,机械工程学院,机械设计制造及其自动化,三明市,1
2010,机械工程学院,机械设计制造及其自动化,丽水市,2
2010,机械工程学院,机械设计制造及其自动化,乌兰察布市,1
2010,机械工程学院,机械设计制造及其自动化,南昌市,1
2010,机械工程学院,机械设计制造及其自动化,台州市,5
2010,机械工程学院,机械设计制造及其自动化,商丘市,1
2010,机械工程学院,机械设计制造及其自动化,嘉兴市,5
2010,机械工程学院,机械设计制造及其自动化,天水市,2
2010,机械工程学院,机械设计制造及其自动化,宁波市,24
2010,机械工程学院,机械设计制造及其自动化,定西市,1
2010,机械工程学院,机械设计制造及其自动化,常德市,1
2010,机械工程学院,机械设计制造及其自动化,惠州市,1
2010,机械工程学院,机械设计制造及其自动化,来宾市,1
2010,机械工程学院,机械设计制造及其自动化,杭州市,12
2010,机械工程学院,机械设计制造及其自动化,桂林市,1
2010,机械工程学院,机械设计制造及其自动化,泸州市,2
2010,机械工程学院,机械设计制造及其自动化,清远市,1
2010,机械工程学院,机械设计制造及其自动化,温州市,6
2010,机械工程学院,机械设计制造及其自动化,湖州市,5
2010,机械工程学院,机械设计制造及其自动化,潍坊市,1
2010,机械工程学院,机械设计制造及其自动化,濮阳市,1
2010,机械工程学院,机械设计制造及其自动化,玉林市,1
2010,机械工程学院,机械设计制造及其自动化,绍兴市,13
2010,机械工程学院,机械设计制造及其自动化,荷泽市,1
2010,机械工程学院,机械设计制造及其自动化,衢州市,2
2010,机械工程学院,机械设计制造及其自动化,赤峰市,1
2010,机械工程学院,机械设计制造及其自动化,遵义市,1
2010,机械工程学院,机械设计制造及其自动化,郴州市,1
2010,机械工程学院,机械设计制造及其自动化,金华市,7
2010,机械工程学院,机械设计制造及其自动化,韶关市,1
2010,机械工程学院,机械设计制造及其自动化,驻马店市,1
2010,机械工程学院,材料成型及控制工程,临汾市,2
2010,机械工程学院,材料成型及控制工程,丽水市,4
2010,机械工程学院,材料成型及控制工程,亳州市,1
2010,机械工程学院,材料成型及控制工程,台州市,5
2010,机械工程学院,材料成型及控制工程,唐山市,1
2010,机械工程学院,材料成型及控制工程,嘉兴市,10
2010,机械工程学院,材料成型及控制工程,天水市,1
2010,机械工程学院,材料成型及控制工程,宁波市,15
2010,机械工程学院,材料成型及控制工程,庆阳市,2
2010,机械工程学院,材料成型及控制工程,抚州市,1
2010,机械工程学院,材料成型及控制工程,来宾市,1
2010,机械工程学院,材料成型及控制工程,杭州市,8
2010,机械工程学院,材料成型及控制工程,桂林市,1
2010,机械工程学院,材料成型及控制工程,温州市,11
2010,机械工程学院,材料成型及控制工程,湖州市,7
2010,机械工程学院,材料成型及控制工程,玉林市,1
2010,机械工程学院,材料成型及控制工程,白银市,1
2010,机械工程学院,材料成型及控制工程,石家庄市,1
2010,机械工程学院,材料成型及控制工程,绍兴市,16
2010,机械工程学院,材料成型及控制工程,衡水市,1
2010,机械工程学院,材料成型及控制工程,衢州市,4
2010,机械工程学院,材料成型及控制工程,襄樊市,2
2010,机械工程学院,材料成型及控制工程,重庆市,3
2010,机械工程学院,材料成型及控制工程,金华市,12
2010,机械工程学院,材料成型及控制工程,铜仁地区,1
2010,机械工程学院,材料成型及控制工程,韶关市,1
2010,机械工程学院,材料成型及控制工程,黔东南苗族侗族自治州,1
2010,机械工程学院,汽车服务工程,丽水市,2
2010,机械工程学院,汽车服务工程,信阳市,1
2010,机械工程学院,汽车服务工程,六安市,1
2010,机械工程学院,汽车服务工程,台州市,7
2010,机械工程学院,汽车服务工程,周口市,1
2010,机械工程学院,汽车服务工程,嘉兴市,9
2010,机械工程学院,汽车服务工程,太原市,1
2010,机械工程学院,汽车服务工程,宁波市,14
2010,机械工程学院,汽车服务工程,张掖市,1
2010,机械工程学院,汽车服务工程,杭州市,15
2010,机械工程学院,汽车服务工程,武汉市,1
2010,机械工程学院,汽车服务工程,沧州市,1
2010,机械工程学院,汽车服务工程,温州市,9
2010,机械工程学院,汽车服务工程,湖州市,7
2010,机械工程学院,汽车服务工程,濮阳市,1
2010,机械工程学院,汽车服务工程,焦作市,1
2010,机械工程学院,汽车服务工程,盐城市,1
2010,机械工程学院,汽车服务工程,福州市,1
2010,机械工程学院,汽车服务工程,绍兴市,22
2010,机械工程学院,汽车服务工程,聊城市,1
2010,机械工程学院,汽车服务工程,荆州市,1
2010,机械工程学院,汽车服务工程,衢州市,7
2010,机械工程学院,汽车服务工程,襄樊市,1
2010,机械工程学院,汽车服务工程,连云港市,1
2010,机械工程学院,汽车服务工程,邢台市,1
2010,机械工程学院,汽车服务工程,邯郸市,1
2010,机械工程学院,汽车服务工程,金华市,7
2010,材料与化学工程学院,化学工程与工艺,429000市,1
2010,材料与化学工程学院,化学工程与工艺,上饶市,1
2010,材料与化学工程学院,化学工程与工艺,丽水市,2
2010,材料与化学工程学院,化学工程与工艺,内江市,1
2010,材料与化学工程学院,化学工程与工艺,包头市,1
2010,材料与化学工程学院,化学工程与工艺,台州市,2
2010,材料与化学工程学院,化学工程与工艺,嘉兴市,16
2010,材料与化学工程学院,化学工程与工艺,大同市,1
2010,材料与化学工程学院,化学工程与工艺,天水市,1
2010,材料与化学工程学院,化学工程与工艺,孝感市,1
2010,材料与化学工程学院,化学工程与工艺,宁波市,19
2010,材料与化学工程学院,化学工程与工艺,安庆市,1
2010,材料与化学工程学院,化学工程与工艺,宣城市,1
2010,材料与化学工程学院,化学工程与工艺,巴彦淖尔市,1
2010,材料与化学工程学院,化学工程与工艺,常德市,1
2010,材料与化学工程学院,化学工程与工艺,张掖市,2
2010,材料与化学工程学院,化学工程与工艺,徐州市,2
2010,材料与化学工程学院,化学工程与工艺,杭州市,16
2010,材料与化学工程学院,化学工程与工艺,温州市,14
2010,材料与化学工程学院,化学工程与工艺,湖州市,7
2010,材料与化学工程学院,化学工程与工艺,湘潭市,1
2010,材料与化学工程学院,化学工程与工艺,湛江市,1
2010,材料与化学工程学院,化学工程与工艺,绍兴市,36
2010,材料与化学工程学院,化学工程与工艺,舟山市,2
2010,材料与化学工程学院,化学工程与工艺,衢州市,4
2010,材料与化学工程学院,化学工程与工艺,贵港市,1
2010,材料与化学工程学院,化学工程与工艺,资阳市,1
2010,材料与化学工程学院,化学工程与工艺,邢台市,1
2010,材料与化学工程学院,化学工程与工艺,邯郸市,1
2010,材料与化学工程学院,化学工程与工艺,重庆市,1
2010,材料与化学工程学院,化学工程与工艺,金华市,20
2010,材料与化学工程学院,化学工程与工艺,长治市,1
2010,材料与化学工程学院,化学工程与工艺,黄冈市,1
2010,材料与化学工程学院,化学工程与工艺,黄山市,1
2010,材料与化学工程学院,化学工程与工艺,黔东南苗族侗族自治州,1
2010,材料与化学工程学院,油气储运工程,东营市,1
2010,材料与化学工程学院,油气储运工程,丽水市,3
2010,材料与化学工程学院,油气储运工程,六安市,1
2010,材料与化学工程学院,油气储运工程,内江市,1
2010,材料与化学工程学院,油气储运工程,台州市,1
2010,材料与化学工程学院,油气储运工程,嘉兴市,2
2010,材料与化学工程学院,油气储运工程,太原市,1
2010,材料与化学工程学院,油气储运工程,宁波市,7
2010,材料与化学工程学院,油气储运工程,宝鸡市,1
2010,材料与化学工程学院,油气储运工程,巢湖市,1
2010,材料与化学工程学院,油气储运工程,杭州市,3
2010,材料与化学工程学院,油气储运工程,洛阳市,2
2010,材料与化学工程学院,油气储运工程,温州市,4
2010,材料与化学工程学院,油气储运工程,湖州市,2
2010,材料与化学工程学院,油气储运工程,绍兴市,7
2010,材料与化学工程学院,油气储运工程,芜湖市,1
2010,材料与化学工程学院,油气储运工程,衢州市,6
2010,材料与化学工程学院,油气储运工程,西安市,1
2010,材料与化学工程学院,油气储运工程,连云港市,1
2010,材料与化学工程学院,油气储运工程,遵义市,1
2010,材料与化学工程学院,油气储运工程,金华市,8
2010,材料与化学工程学院,油气储运工程,青岛市,1
2010,理学院,信息与计算科学,台州市,4
2010,理学院,信息与计算科学,嘉兴市,4
2010,理学院,信息与计算科学,孝感市,1
2010,理学院,信息与计算科学,宁波市,7
2010,理学院,信息与计算科学,杭州市,6
2010,理学院,信息与计算科学,沧州市,1
2010,理学院,信息与计算科学,淮北市,1
2010,理学院,信息与计算科学,清远市,1
2010,理学院,信息与计算科学,温州市,10
2010,理学院,信息与计算科学,湖州市,1
2010,理学院,信息与计算科学,滨州市,1
2010,理学院,信息与计算科学,漳州市,1
2010,理学院,信息与计算科学,石家庄市,1
2010,理学院,信息与计算科学,绍兴市,6
2010,理学院,信息与计算科学,舟山市,1
2010,理学院,信息与计算科学,茂名市,1
2010,理学院,信息与计算科学,莆田市,1
2010,理学院,信息与计算科学,资阳市,1
2010,理学院,信息与计算科学,金华市,7
2010,理学院,信息与计算科学,随州市,1
2010,电子与信息工程学院,电子信息工程,丽水市,2
2010,电子与信息工程学院,电子信息工程,北海市,1
2010,电子与信息工程学院,电子信息工程,台州市,7
2010,电子与信息工程学院,电子信息工程,周口市,1
2010,电子与信息工程学院,电子信息工程,商丘市,1
2010,电子与信息工程学院,电子信息工程,嘉兴市,6
2010,电子与信息工程学院,电子信息工程,宁波市,18
2010,电子与信息工程学院,电子信息工程,平凉市,1
2010,电子与信息工程学院,电子信息工程,承德市,1
2010,电子与信息工程学院,电子信息工程,抚州市,1
2010,电子与信息工程学院,电子信息工程,杭州市,5
2010,电子与信息工程学院,电子信息工程,池州市,1
2010,电子与信息工程学院,电子信息工程,泸州市,1
2010,电子与信息工程学院,电子信息工程,温州市,8
2010,电子与信息工程学院,电子信息工程,湖州市,3
2010,电子与信息工程学院,电子信息工程,漳州市,1
2010,电子与信息工程学院,电子信息工程,玉林市,1
2010,电子与信息工程学院,电子信息工程,白银市,1
2010,电子与信息工程学院,电子信息工程,绍兴市,19
2010,电子与信息工程学院,电子信息工程,绵阳市,1
2010,电子与信息工程学院,电子信息工程,衢州市,4
2010,电子与信息工程学院,电子信息工程,赣州市,1
2010,电子与信息工程学院,电子信息工程,重庆市,1
2010,电子与信息工程学院,电子信息工程,金华市,10
2010,电子与信息工程学院,电子信息工程,黔东南苗族侗族自治州,1
2010,电子与信息工程学院,电子科学与技术,临沂市,1
2010,电子与信息工程学院,电子科学与技术,丽水市,1
2010,电子与信息工程学院,电子科学与技术,南通市,1
2010,电子与信息工程学院,电子科学与技术,台州市,4
2010,电子与信息工程学院,电子科学与技术,嘉兴市,6
2010,电子与信息工程学院,电子科学与技术,宁波市,9
2010,电子与信息工程学院,电子科学与技术,定西市,2
2010,电子与信息工程学院,电子科学与技术,广州市,1
2010,电子与信息工程学院,电子科学与技术,杭州市,3
2010,电子与信息工程学院,电子科学与技术,枣庄市,1
2010,电子与信息工程学院,电子科学与技术,泰州市,1
2010,电子与信息工程学院,电子科学与技术,深圳市,1
2010,电子与信息工程学院,电子科学与技术,温州市,5
2010,电子与信息工程学院,电子科学与技术,绍兴市,7
2010,电子与信息工程学院,电子科学与技术,莱芜市,1
2010,电子与信息工程学院,电子科学与技术,衢州市,3
2010,电子与信息工程学院,电子科学与技术,金华市,4
2010,电子与信息工程学院,电子科学与技术,阜阳市,1
2010,电子与信息工程学院,电气工程及其自动化,丽水市,3
2010,电子与信息工程学院,电气工程及其自动化,信阳市,1
2010,电子与信息工程学院,电气工程及其自动化,南宁市,1
2010,电子与信息工程学院,电气工程及其自动化,台州市,7
2010,电子与信息工程学院,电气工程及其自动化,周口市,1
2010,电子与信息工程学院,电气工程及其自动化,嘉兴市,2
2010,电子与信息工程学院,电气工程及其自动化,天水市,1
2010,电子与信息工程学院,电气工程及其自动化,宁波市,6
2010,电子与信息工程学院,电气工程及其自动化,杭州市,3
2010,电子与信息工程学院,电气工程及其自动化,梧州市,1
2010,电子与信息工程学院,电气工程及其自动化,武威市,1
2010,电子与信息工程学院,电气工程及其自动化,温州市,4
2010,电子与信息工程学院,电气工程及其自动化,湖州市,2
2010,电子与信息工程学院,电气工程及其自动化,白银市,1
2010,电子与信息工程学院,电气工程及其自动化,绍兴市,8
2010,电子与信息工程学院,电气工程及其自动化,舟山市,1
2010,电子与信息工程学院,电气工程及其自动化,衢州市,2
2010,电子与信息工程学院,电气工程及其自动化,西安市,1
2010,电子与信息工程学院,电气工程及其自动化,遵义市,3
2010,电子与信息工程学院,电气工程及其自动化,金华市,5
2010,电子与信息工程学院,电气工程及其自动化,阜阳市,1
2010,电子与信息工程学院,网络工程,上饶市,1
2010,电子与信息工程学院,网络工程,丽水市,1
2010,电子与信息工程学院,网络工程,台州市,7
2010,电子与信息工程学院,网络工程,嘉兴市,2
2010,电子与信息工程学院,网络工程,大同市,1
2010,电子与信息工程学院,网络工程,宁波市,7
2010,电子与信息工程学院,网络工程,定西市,1
2010,电子与信息工程学院,网络工程,晋城市,1
2010,电子与信息工程学院,网络工程,杭州市,5
2010,电子与信息工程学院,网络工程,枣庄市,1
2010,电子与信息工程学院,网络工程,淮南市,1
2010,电子与信息工程学院,网络工程,温州市,1
2010,电子与信息工程学院,网络工程,湖州市,1
2010,电子与信息工程学院,网络工程,绍兴市,8
2010,电子与信息工程学院,网络工程,茂名市,1
2010,电子与信息工程学院,网络工程,荷泽市,1
2010,电子与信息工程学院,网络工程,衢州市,2
2010,电子与信息工程学院,网络工程,襄樊市,1
2010,电子与信息工程学院,网络工程,金华市,4
2010,电子与信息工程学院,网络工程,防城港市,1
2010,电子与信息工程学院,网络工程,陇南市,1
2010,电子与信息工程学院,网络工程,韶关市,1
2010,电子与信息工程学院,计算机科学与技术,丽水市,2
2010,电子与信息工程学院,计算机科学与技术,六盘水市,1
2010,电子与信息工程学院,计算机科学与技术,台州市,2
2010,电子与信息工程学院,计算机科学与技术,合肥市,1
2010,电子与信息工程学院,计算机科学与技术,呼伦贝尔市,1
2010,电子与信息工程学院,计算机科学与技术,唐山市,1
2010,电子与信息工程学院,计算机科学与技术,嘉兴市,9
2010,电子与信息工程学院,计算机科学与技术,宁德市,1
2010,电子与信息工程学院,计算机科学与技术,宁波市,12
2010,电子与信息工程学院,计算机科学与技术,安顺市,1
2010,电子与信息工程学院,计算机科学与技术,宣城市,1
2010,电子与信息工程学院,计算机科学与技术,张掖市,1
2010,电子与信息工程学院,计算机科学与技术,新余市,1
2010,电子与信息工程学院,计算机科学与技术,杭州市,15
2010,电子与信息工程学院,计算机科学与技术,温州市,12
2010,电子与信息工程学院,计算机科学与技术,湖州市,5
2010,电子与信息工程学院,计算机科学与技术,湛江市,1
2010,电子与信息工程学院,计算机科学与技术,濮阳市,1
2010,电子与信息工程学院,计算机科学与技术,石家庄市,1
2010,电子与信息工程学院,计算机科学与技术,绍兴市,18
2010,电子与信息工程学院,计算机科学与技术,绵阳市,1
2010,电子与信息工程学院,计算机科学与技术,芜湖市,1
2010,电子与信息工程学院,计算机科学与技术,衡水市,1
2010,电子与信息工程学院,计算机科学与技术,衢州市,4
2010,电子与信息工程学院,计算机科学与技术,遵义市,1
2010,电子与信息工程学院,计算机科学与技术,重庆市,1
2010,电子与信息工程学院,计算机科学与技术,金华市,12
2010,电子与信息工程学院,计算机科学与技术,锡林郭勒盟,1
2010,电子与信息工程学院,计算机科学与技术,韶关市,1
2010,经济与管理学院,会计学,上饶市,1
2010,经济与管理学院,会计学,丽水市,4
2010,经济与管理学院,会计学,台州市,3
2010,经济与管理学院,会计学,周口市,1
2010,经济与管理学院,会计学,呼伦贝尔市,1
2010,经济与管理学院,会计学,唐山市,1
2010,经济与管理学院,会计学,商丘市,1
2010,经济与管理学院,会计学,嘉兴市,7
2010,经济与管理学院,会计学,大同市,1
2010,经济与管理学院,会计学,宁德市,1
2010,经济与管理学院,会计学,宁波市,26
2010,经济与管理学院,会计学,安康市,1
2010,经济与管理学院,会计学,宜宾市,1
2010,经济与管理学院,会计学,巴中市,1
2010,经济与管理学院,会计学,广州市,1
2010,经济与管理学院,会计学,杭州市,15
2010,经济与管理学院,会计学,桂林市,1
2010,经济与管理学院,会计学,洛阳市,1
2010,经济与管理学院,会计学,深圳市,1
2010,经济与管理学院,会计学,温州市,7
2010,经济与管理学院,会计学,湖州市,1
2010,经济与管理学院,会计学,漳州市,1
2010,经济与管理学院,会计学,绍兴市,14
2010,经济与管理学院,会计学,绵阳市,1
2010,经济与管理学院,会计学,自贡市,1
2010,经济与管理学院,会计学,莆田市,1
2010,经济与管理学院,会计学,衢州市,3
2010,经济与管理学院,会计学,遵义市,1
2010,经济与管理学院,会计学,邢台市,1
2010,经济与管理学院,会计学,重庆市,2
2010,经济与管理学院,会计学,金华市,8
2010,经济与管理学院,会计学,黄山市,1
2010,经济与管理学院,国际商务,丽水市,4
2010,经济与管理学院,国际商务,十堰市,1
2010,经济与管理学院,国际商务,台州市,1
2010,经济与管理学院,国际商务,唐山市,1
2010,经济与管理学院,国际商务,嘉兴市,7
2010,经济与管理学院,国际商务,宁波市,15
2010,经济与管理学院,国际商务,宜宾市,1
2010,经济与管理学院,国际商务,宿迁市,1
2010,经济与管理学院,国际商务,广安市,1
2010,经济与管理学院,国际商务,廊坊市,1
2010,经济与管理学院,国际商务,恩施土家族苗族自治州,1
2010,经济与管理学院,国际商务,抚州市,1
2010,经济与管理学院,国际商务,杭州市,7
2010,经济与管理学院,国际商务,梧州市,1
2010,经济与管理学院,国际商务,温州市,3
2010,经济与管理学院,国际商务,绍兴市,7
2010,经济与管理学院,国际商务,衢州市,1
2010,经济与管理学院,国际商务,贵港市,1
2010,经济与管理学院,国际商务,贵阳市,1
2010,经济与管理学院,国际商务,金华市,1
2010,经济与管理学院,国际商务,黔西南布依族苗族自治州,1
2010,经济与管理学院,国际经济与贸易,三明市,1
2010,经济与管理学院,国际经济与贸易,丽水市,4
2010,经济与管理学院,国际经济与贸易,亳州市,1
2010,经济与管理学院,国际经济与贸易,保定市,1
2010,经济与管理学院,国际经济与贸易,信阳市,2
2010,经济与管理学院,国际经济与贸易,台州市,3
2010,经济与管理学院,国际经济与贸易,唐山市,1
2010,经济与管理学院,国际经济与贸易,嘉兴市,12
2010,经济与管理学院,国际经济与贸易,天水市,1
2010,经济与管理学院,国际经济与贸易,宁波市,24
2010,经济与管理学院,国际经济与贸易,巢湖市,3
2010,经济与管理学院,国际经济与贸易,广州市,1
2010,经济与管理学院,国际经济与贸易,成都市,1
2010,经济与管理学院,国际经济与贸易,无锡市,1
2010,经济与管理学院,国际经济与贸易,杭州市,12
2010,经济与管理学院,国际经济与贸易,桂林市,1
2010,经济与管理学院,国际经济与贸易,淮南市,1
2010,经济与管理学院,国际经济与贸易,温州市,6
2010,经济与管理学院,国际经济与贸易,湖州市,7
2010,经济与管理学院,国际经济与贸易,绍兴市,24
2010,经济与管理学院,国际经济与贸易,荆州市,1
2010,经济与管理学院,国际经济与贸易,莆田市,1
2010,经济与管理学院,国际经济与贸易,衢州市,5
2010,经济与管理学院,国际经济与贸易,襄樊市,1
2010,经济与管理学院,国际经济与贸易,贵阳市,1
2010,经济与管理学院,国际经济与贸易,贺州市,1
2010,经济与管理学院,国际经济与贸易,连云港市,1
2010,经济与管理学院,国际经济与贸易,遵义市,1
2010,经济与管理学院,国际经济与贸易,重庆市,1
2010,经济与管理学院,国际经济与贸易,金华市,9
2010,经济与管理学院,国际经济与贸易,阿拉善盟,1
2010,经济与管理学院,国际经济与贸易,鹰潭市,1
2010,经济与管理学院,国际经济与贸易,黄冈市,1
2010,经济与管理学院,市场营销,上饶市,1
2010,经济与管理学院,市场营销,丽水市,1
2010,经济与管理学院,市场营销,兰州市,1
2010,经济与管理学院,市场营销,台州市,1
2010,经济与管理学院,市场营销,嘉兴市,3
2010,经济与管理学院,市场营销,天水市,1
2010,经济与管理学院,市场营销,娄底市,1
2010,经济与管理学院,市场营销,宁波市,10
2010,经济与管理学院,市场营销,岳阳市,1
2010,经济与管理学院,市场营销,巴中市,1
2010,经济与管理学院,市场营销,抚州市,1
2010,经济与管理学院,市场营销,杭州市,5
2010,经济与管理学院,市场营销,榆林市,1
2010,经济与管理学院,市场营销,永州市,1
2010,经济与管理学院,市场营销,洛阳市,1
2010,经济与管理学院,市场营销,温州市,7
2010,经济与管理学院,市场营销,湖州市,3
2010,经济与管理学院,市场营销,绍兴市,13
2010,经济与管理学院,市场营销,绵阳市,1
2010,经济与管理学院,市场营销,衢州市,2
2010,经济与管理学院,市场营销,遵义市,2
2010,经济与管理学院,市场营销,金华市,8
2010,经济与管理学院,市场营销,铜仁地区,1
2010,经济与管理学院,市场营销,黔东南苗族侗族自治州,1
2010,经济与管理学院,物流管理,丽水市,3
2010,经济与管理学院,物流管理,南宁市,1
2010,经济与管理学院,物流管理,台州市,3
2010,经济与管理学院,物流管理,嘉兴市,6
2010,经济与管理学院,物流管理,宁波市,14
2010,经济与管理学院,物流管理,开封市,1
2010,经济与管理学院,物流管理,张家口市,1
2010,经济与管理学院,物流管理,扬州市,1
2010,经济与管理学院,物流管理,杭州市,10
2010,经济与管理学院,物流管理,枣庄市,1
2010,经济与管理学院,物流管理,武汉市,1
2010,经济与管理学院,物流管理,毕节地区,1
2010,经济与管理学院,物流管理,温州市,8
2010,经济与管理学院,物流管理,湖州市,1
2010,经济与管理学院,物流管理,湛江市,1
2010,经济与管理学院,物流管理,玉林市,1
2010,经济与管理学院,物流管理,绍兴市,23
2010,经济与管理学院,物流管理,芜湖市,1
2010,经济与管理学院,物流管理,衢州市,5
2010,经济与管理学院,物流管理,襄樊市,1
2010,经济与管理学院,物流管理,邢台市,1
2010,经济与管理学院,物流管理,邯郸市,1
2010,经济与管理学院,物流管理,重庆市,1
2010,经济与管理学院,物流管理,金华市,8
2010,经济与管理学院,物流管理,阳泉市,1
2011,人文与艺术学院,工业设计,嘉兴市,7
2011,人文与艺术学院,工业设计,宁德市,2
2011,人文与艺术学院,工业设计,宁波市,7
2011,人文与艺术学院,工业设计,宝鸡市,1
2011,人文与艺术学院,工业设计,揭阳市,1
2011,人文与艺术学院,工业设计,杭州市,5
2011,人文与艺术学院,工业设计,深圳市,1
2011,人文与艺术学院,工业设计,温州市,4
2011,人文与艺术学院,工业设计,湖州市,4
2011,人文与艺术学院,工业设计,绍兴市,10
2011,人文与艺术学院,工业设计,绵阳市,1
2011,人文与艺术学院,工业设计,衡水市,1
2011,人文与艺术学院,工业设计,衢州市,2
2011,人文与艺术学院,工业设计,金华市,4
2011,人文与艺术学院,工业设计,马鞍山市,1
2011,人文与艺术学院,工业设计,黔南布依族苗族自治州,1
2011,人文与艺术学院,广告学,上饶市,1
2011,人文与艺术学院,广告学,丽水市,1
2011,人文与艺术学院,广告学,保定市,1
2011,人文与艺术学院,广告学,六安市,1
2011,人文与艺术学院,广告学,台州市,3
2011,人文与艺术学院,广告学,嘉兴市,7
2011,人文与艺术学院,广告学,宁波市,8
2011,人文与艺术学院,广告学,杭州市,9
2011,人文与艺术学院,广告学,温州市,6
2011,人文与艺术学院,广告学,湖州市,3
2011,人文与艺术学院,广告学,漯河市,1
2011,人文与艺术学院,广告学,焦作市,1
2011,人文与艺术学院,广告学,玉林市,1
2011,人文与艺术学院,广告学,绍兴市,4
2011,人文与艺术学院,广告学,衢州市,2
2011,人文与艺术学院,广告学,贵港市,1
2011,人文与艺术学院,广告学,酒泉市,1
2011,人文与艺术学院,广告学,金华市,3
2011,人文与艺术学院,汉语言文学,上饶市,1
2011,人文与艺术学院,汉语言文学,丽水市,7
2011,人文与艺术学院,汉语言文学,九江市,1
2011,人文与艺术学院,汉语言文学,保定市,1
2011,人文与艺术学院,汉语言文学,信阳市,1
2011,人文与艺术学院,汉语言文学,南阳市,1
2011,人文与艺术学院,汉语言文学,台州市,2
2011,人文与艺术学院,汉语言文学,周口市,1
2011,人文与艺术学院,汉语言文学,嘉兴市,14
2011,人文与艺术学院,汉语言文学,太原市,1
2011,人文与艺术学院,汉语言文学,宁波市,18
2011,人文与艺术学院,汉语言文学,安顺市,1
2011,人文与艺术学院,汉语言文学,忻州市,1
2011,人文与艺术学院,汉语言文学,抚州市,1
2011,人文与艺术学院,汉语言文学,杭州市,19
2011,人文与艺术学院,汉语言文学,柳州市,1
2011,人文与艺术学院,汉语言文学,桂林市,1
2011,人文与艺术学院,汉语言文学,泉州市,2
2011,人文与艺术学院,汉语言文学,泸州市,1
2011,人文与艺术学院,汉语言文学,温州市,6
2011,人文与艺术学院,汉语言文学,湖州市,5
2011,人文与艺术学院,汉语言文学,白银市,1
2011,人文与艺术学院,汉语言文学,百色市,1
2011,人文与艺术学院,汉语言文学,秦皇岛市,1
2011,人文与艺术学院,汉语言文学,绍兴市,17
2011,人文与艺术学院,汉语言文学,绵阳市,1
2011,人文与艺术学院,汉语言文学,舟山市,5
2011,人文与艺术学院,汉语言文学,芜湖市,1
2011,人文与艺术学院,汉语言文学,遵义市,2
2011,人文与艺术学院,汉语言文学,邯郸市,2
2011,人文与艺术学院,汉语言文学,金华市,3
2011,人文与艺术学院,汉语言文学,钦州市,1
2011,人文与艺术学院,汉语言文学,长治市,1
2011,人文与艺术学院,汉语言文学,黄山市,1
2011,国际交流学院,会计学（中美合作办学）,台州市,3
2011,国际交流学院,会计学（中美合作办学）,嘉兴市,7
2011,国际交流学院,会计学（中美合作办学）,宁波市,18
2011,国际交流学院,会计学（中美合作办学）,杭州市,9
2011,国际交流学院,会计学（中美合作办学）,温州市,5
2011,国际交流学院,会计学（中美合作办学）,绍兴市,9
2011,国际交流学院,会计学（中美合作办学）,舟山市,3
2011,国际交流学院,会计学（中美合作办学）,金华市,5
2011,外国语学院,德语,丽水市,2
2011,外国语学院,德语,保定市,1
2011,外国语学院,德语,内江市,1
2011,外国语学院,德语,嘉兴市,4
2011,外国语学院,德语,宁德市,1
2011,外国语学院,德语,宁波市,5
2011,外国语学院,德语,朔州市,1
2011,外国语学院,德语,杭州市,3
2011,外国语学院,德语,温州市,5
2011,外国语学院,德语,湖州市,4
2011,外国语学院,德语,绍兴市,5
2011,外国语学院,德语,绵阳市,1
2011,外国语学院,德语,衡水市,1
2011,外国语学院,德语,衢州市,2
2011,外国语学院,德语,贵阳市,1
2011,外国语学院,德语,赣州市,1
2011,外国语学院,德语,郑州市,1
2011,外国语学院,德语,金华市,2
2011,外国语学院,日语,丽水市,1
2011,外国语学院,日语,信阳市,1
2011,外国语学院,日语,台州市,1
2011,外国语学院,日语,唐山市,1
2011,外国语学院,日语,嘉兴市,5
2011,外国语学院,日语,宁波市,6
2011,外国语学院,日语,宣城市,1
2011,外国语学院,日语,广州市,1
2011,外国语学院,日语,新乡市,1
2011,外国语学院,日语,朔州市,1
2011,外国语学院,日语,杭州市,3
2011,外国语学院,日语,温州市,4
2011,外国语学院,日语,湖州市,3
2011,外国语学院,日语,盐城市,1
2011,外国语学院,日语,秦皇岛市,1
2011,外国语学院,日语,绍兴市,3
2011,外国语学院,日语,荷泽市,1
2011,外国语学院,日语,衢州市,3
2011,外国语学院,日语,金华市,3
2011,外国语学院,日语,镇江市,1
2011,外国语学院,日语,驻马店市,1
2011,外国语学院,英语,临沂市,1
2011,外国语学院,英语,丽水市,5
2011,外国语学院,英语,九江市,1
2011,外国语学院,英语,六盘水市,1
2011,外国语学院,英语,内江市,1
2011,外国语学院,英语,台州市,10
2011,外国语学院,英语,嘉兴市,12
2011,外国语学院,英语,宁波市,29
2011,外国语学院,英语,安庆市,1
2011,外国语学院,英语,宣城市,1
2011,外国语学院,英语,岳阳市,1
2011,外国语学院,英语,庆阳市,1
2011,外国语学院,英语,抚州市,1
2011,外国语学院,英语,杭州市,13
2011,外国语学院,英语,柳州市,1
2011,外国语学院,英语,池州市,1
2011,外国语学院,英语,温州市,14
2011,外国语学院,英语,湖州市,7
2011,外国语学院,英语,漯河市,1
2011,外国语学院,英语,绍兴市,23
2011,外国语学院,英语,舟山市,2
2011,外国语学院,英语,莆田市,1
2011,外国语学院,英语,衢州市,5
2011,外国语学院,英语,贵港市,1
2011,外国语学院,英语,赣州市,1
2011,外国语学院,英语,遵义市,1
2011,外国语学院,英语,金华市,19
2011,外国语学院,英语,铜仁地区,1
2011,建筑与交通工程学院,交通运输,东莞市,1
2011,建筑与交通工程学院,交通运输,丽水市,1
2011,建筑与交通工程学院,交通运输,六盘水市,1
2011,建筑与交通工程学院,交通运输,呼伦贝尔市,1
2011,建筑与交通工程学院,交通运输,嘉兴市,2
2011,建筑与交通工程学院,交通运输,天水市,1
2011,建筑与交通工程学院,交通运输,宁德市,2
2011,建筑与交通工程学院,交通运输,宁波市,7
2011,建筑与交通工程学院,交通运输,宝鸡市,1
2011,建筑与交通工程学院,交通运输,惠州市,1
2011,建筑与交通工程学院,交通运输,晋中市,1
2011,建筑与交通工程学院,交通运输,杭州市,5
2011,建筑与交通工程学院,交通运输,汉中市,1
2011,建筑与交通工程学院,交通运输,温州市,8
2011,建筑与交通工程学院,交通运输,湖州市,1
2011,建筑与交通工程学院,交通运输,白银市,1
2011,建筑与交通工程学院,交通运输,绍兴市,7
2011,建筑与交通工程学院,交通运输,衢州市,1
2011,建筑与交通工程学院,交通运输,赤峰市,1
2011,建筑与交通工程学院,交通运输,金华市,5
2011,建筑与交通工程学院,交通运输,黔东南苗族侗族自治州,1
2011,建筑与交通工程学院,土木工程,上饶市,1
2011,建筑与交通工程学院,土木工程,丽水市,3
2011,建筑与交通工程学院,土木工程,乐山市,1
2011,建筑与交通工程学院,土木工程,六盘水市,1
2011,建筑与交通工程学院,土木工程,北海市,1
2011,建筑与交通工程学院,土木工程,南昌市,1
2011,建筑与交通工程学院,土木工程,台州市,15
2011,建筑与交通工程学院,土木工程,周口市,1
2011,建筑与交通工程学院,土木工程,嘉兴市,3
2011,建筑与交通工程学院,土木工程,宁波市,17
2011,建筑与交通工程学院,土木工程,张家口市,2
2011,建筑与交通工程学院,土木工程,朔州市,1
2011,建筑与交通工程学院,土木工程,杭州市,2
2011,建筑与交通工程学院,土木工程,桂林市,1
2011,建筑与交通工程学院,土木工程,汉中市,1
2011,建筑与交通工程学院,土木工程,江门市,1
2011,建筑与交通工程学院,土木工程,温州市,8
2011,建筑与交通工程学院,土木工程,湖州市,3
2011,建筑与交通工程学院,土木工程,玉林市,1
2011,建筑与交通工程学院,土木工程,石家庄市,1
2011,建筑与交通工程学院,土木工程,秦皇岛市,1
2011,建筑与交通工程学院,土木工程,绍兴市,16
2011,建筑与交通工程学院,土木工程,绵阳市,1
2011,建筑与交通工程学院,土木工程,舟山市,1
2011,建筑与交通工程学院,土木工程,衡水市,1
2011,建筑与交通工程学院,土木工程,衢州市,6
2011,建筑与交通工程学院,土木工程,贵港市,1
2011,建筑与交通工程学院,土木工程,赤峰市,1
2011,建筑与交通工程学院,土木工程,通辽市,1
2011,建筑与交通工程学院,土木工程,金华市,5
2011,建筑与交通工程学院,土木工程,黔西南布依族苗族自治州,1
2011,建筑与交通工程学院,工程管理,上饶市,2
2011,建筑与交通工程学院,工程管理,丽水市,1
2011,建筑与交通工程学院,工程管理,九江市,1
2011,建筑与交通工程学院,工程管理,六盘水市,1
2011,建筑与交通工程学院,工程管理,兰州市,1
2011,建筑与交通工程学院,工程管理,南阳市,1
2011,建筑与交通工程学院,工程管理,台州市,4
2011,建筑与交通工程学院,工程管理,商丘市,1
2011,建筑与交通工程学院,工程管理,嘉兴市,1
2011,建筑与交通工程学院,工程管理,宁波市,9
2011,建筑与交通工程学院,工程管理,宜昌市,1
2011,建筑与交通工程学院,工程管理,宿迁市,1
2011,建筑与交通工程学院,工程管理,巢湖市,1
2011,建筑与交通工程学院,工程管理,杭州市,7
2011,建筑与交通工程学院,工程管理,泉州市,1
2011,建筑与交通工程学院,工程管理,泰州市,1
2011,建筑与交通工程学院,工程管理,温州市,5
2011,建筑与交通工程学院,工程管理,湖州市,3
2011,建筑与交通工程学院,工程管理,烟台市,1
2011,建筑与交通工程学院,工程管理,玉林市,1
2011,建筑与交通工程学院,工程管理,白银市,1
2011,建筑与交通工程学院,工程管理,绍兴市,8
2011,建筑与交通工程学院,工程管理,衢州市,1
2011,建筑与交通工程学院,工程管理,遵义市,1
2011,建筑与交通工程学院,工程管理,金华市,6
2011,建筑与交通工程学院,工程管理,马鞍山市,1
2011,建筑与交通工程学院,工程管理,驻马店市,1
2011,建筑与交通工程学院,建筑学,兰州市,1
2011,建筑与交通工程学院,建筑学,嘉兴市,2
2011,建筑与交通工程学院,建筑学,宁波市,10
2011,建筑与交通工程学院,建筑学,成都市,1
2011,建筑与交通工程学院,建筑学,承德市,1
2011,建筑与交通工程学院,建筑学,杭州市,4
2011,建筑与交通工程学院,建筑学,武汉市,1
2011,建筑与交通工程学院,建筑学,温州市,6
2011,建筑与交通工程学院,建筑学,湖州市,1
2011,建筑与交通工程学院,建筑学,绍兴市,5
2011,建筑与交通工程学院,建筑学,莆田市,1
2011,建筑与交通工程学院,建筑学,衢州市,1
2011,建筑与交通工程学院,建筑学,襄樊市,1
2011,建筑与交通工程学院,建筑学,邯郸市,1
2011,建筑与交通工程学院,建筑学,金华市,4
2011,建筑与交通工程学院,建筑学,金昌市,1
2011,建筑与交通工程学院,建筑学,龙岩市,1
2011,建筑与交通工程学院,建筑环境与设备工程,丽水市,3
2011,建筑与交通工程学院,建筑环境与设备工程,九江市,1
2011,建筑与交通工程学院,建筑环境与设备工程,南宁市,1
2011,建筑与交通工程学院,建筑环境与设备工程,南通市,1
2011,建筑与交通工程学院,建筑环境与设备工程,台州市,5
2011,建筑与交通工程学院,建筑环境与设备工程,嘉兴市,4
2011,建筑与交通工程学院,建筑环境与设备工程,宁波市,6
2011,建筑与交通工程学院,建筑环境与设备工程,开封市,1
2011,建筑与交通工程学院,建筑环境与设备工程,朔州市,1
2011,建筑与交通工程学院,建筑环境与设备工程,杭州市,4
2011,建筑与交通工程学院,建筑环境与设备工程,梧州市,1
2011,建筑与交通工程学院,建筑环境与设备工程,温州市,3
2011,建筑与交通工程学院,建筑环境与设备工程,湖州市,1
2011,建筑与交通工程学院,建筑环境与设备工程,绍兴市,8
2011,建筑与交通工程学院,建筑环境与设备工程,衢州市,4
2011,建筑与交通工程学院,建筑环境与设备工程,重庆市,1
2011,建筑与交通工程学院,建筑环境与设备工程,金华市,2
2011,建筑与交通工程学院,建筑环境与设备工程,锡林郭勒盟,1
2011,机械工程学院,机械设计制造及其自动化,上饶市,1
2011,机械工程学院,机械设计制造及其自动化,临沂市,1
2011,机械工程学院,机械设计制造及其自动化,丽水市,2
2011,机械工程学院,机械设计制造及其自动化,六安市,1
2011,机械工程学院,机械设计制造及其自动化,台州市,3
2011,机械工程学院,机械设计制造及其自动化,周口市,2
2011,机械工程学院,机械设计制造及其自动化,商丘市,1
2011,机械工程学院,机械设计制造及其自动化,嘉兴市,4
2011,机械工程学院,机械设计制造及其自动化,宁波市,20
2011,机械工程学院,机械设计制造及其自动化,定西市,1
2011,机械工程学院,机械设计制造及其自动化,宣城市,1
2011,机械工程学院,机械设计制造及其自动化,岳阳市,1
2011,机械工程学院,机械设计制造及其自动化,成都市,1
2011,机械工程学院,机械设计制造及其自动化,抚州市,1
2011,机械工程学院,机械设计制造及其自动化,杭州市,7
2011,机械工程学院,机械设计制造及其自动化,桂林市,1
2011,机械工程学院,机械设计制造及其自动化,梧州市,1
2011,机械工程学院,机械设计制造及其自动化,武威市,1
2011,机械工程学院,机械设计制造及其自动化,汕尾市,1
2011,机械工程学院,机械设计制造及其自动化,江门市,1
2011,机械工程学院,机械设计制造及其自动化,温州市,15
2011,机械工程学院,机械设计制造及其自动化,湖州市,4
2011,机械工程学院,机械设计制造及其自动化,烟台市,1
2011,机械工程学院,机械设计制造及其自动化,绍兴市,11
2011,机械工程学院,机械设计制造及其自动化,衢州市,1
2011,机械工程学院,机械设计制造及其自动化,赤峰市,1
2011,机械工程学院,机械设计制造及其自动化,金华市,21
2011,机械工程学院,材料成型及控制工程,丽水市,3
2011,机械工程学院,材料成型及控制工程,南宁市,1
2011,机械工程学院,材料成型及控制工程,台州市,9
2011,机械工程学院,材料成型及控制工程,吉安市,1
2011,机械工程学院,材料成型及控制工程,嘉兴市,4
2011,机械工程学院,材料成型及控制工程,嘉峪关市,1
2011,机械工程学院,材料成型及控制工程,宁波市,18
2011,机械工程学院,材料成型及控制工程,宿州市,2
2011,机械工程学院,材料成型及控制工程,朔州市,1
2011,机械工程学院,材料成型及控制工程,杭州市,6
2011,机械工程学院,材料成型及控制工程,柳州市,1
2011,机械工程学院,材料成型及控制工程,毕节地区,1
2011,机械工程学院,材料成型及控制工程,汕头市,1
2011,机械工程学院,材料成型及控制工程,河池市,1
2011,机械工程学院,材料成型及控制工程,温州市,4
2011,机械工程学院,材料成型及控制工程,湖州市,4
2011,机械工程学院,材料成型及控制工程,湛江市,1
2011,机械工程学院,材料成型及控制工程,白银市,1
2011,机械工程学院,材料成型及控制工程,绍兴市,18
2011,机械工程学院,材料成型及控制工程,舟山市,2
2011,机械工程学院,材料成型及控制工程,荆州市,2
2011,机械工程学院,材料成型及控制工程,衢州市,8
2011,机械工程学院,材料成型及控制工程,赤峰市,3
2011,机械工程学院,材料成型及控制工程,邯郸市,1
2011,机械工程学院,材料成型及控制工程,重庆市,1
2011,机械工程学院,材料成型及控制工程,金华市,16
2011,机械工程学院,材料成型及控制工程,铜仁地区,1
2011,机械工程学院,汽车服务工程,丽水市,4
2011,机械工程学院,汽车服务工程,信阳市,2
2011,机械工程学院,汽车服务工程,六盘水市,1
2011,机械工程学院,汽车服务工程,十堰市,1
2011,机械工程学院,汽车服务工程,台州市,5
2011,机械工程学院,汽车服务工程,周口市,1
2011,机械工程学院,汽车服务工程,商丘市,1
2011,机械工程学院,汽车服务工程,嘉兴市,6
2011,机械工程学院,汽车服务工程,宁波市,15
2011,机械工程学院,汽车服务工程,宿州市,1
2011,机械工程学院,汽车服务工程,巴中市,1
2011,机械工程学院,汽车服务工程,扬州市,1
2011,机械工程学院,汽车服务工程,杭州市,9
2011,机械工程学院,汽车服务工程,毕节地区,1
2011,机械工程学院,汽车服务工程,泰安市,1
2011,机械工程学院,汽车服务工程,泰州市,1
2011,机械工程学院,汽车服务工程,温州市,8
2011,机械工程学院,汽车服务工程,湖州市,6
2011,机械工程学院,汽车服务工程,滨州市,1
2011,机械工程学院,汽车服务工程,白银市,2
2011,机械工程学院,汽车服务工程,绍兴市,15
2011,机械工程学院,汽车服务工程,绵阳市,1
2011,机械工程学院,汽车服务工程,舟山市,1
2011,机械工程学院,汽车服务工程,衡水市,1
2011,机械工程学院,汽车服务工程,衢州市,3
2011,机械工程学院,汽车服务工程,襄樊市,1
2011,机械工程学院,汽车服务工程,遵义市,1
2011,机械工程学院,汽车服务工程,邯郸市,1
2011,机械工程学院,汽车服务工程,金华市,11
2011,材料与化学工程学院,化学工程与工艺,429000市,1
2011,材料与化学工程学院,化学工程与工艺,上饶市,2
2011,材料与化学工程学院,化学工程与工艺,丽水市,3
2011,材料与化学工程学院,化学工程与工艺,九江市,1
2011,材料与化学工程学院,化学工程与工艺,南宁市,1
2011,材料与化学工程学院,化学工程与工艺,南通市,3
2011,材料与化学工程学院,化学工程与工艺,台州市,14
2011,材料与化学工程学院,化学工程与工艺,周口市,1
2011,材料与化学工程学院,化学工程与工艺,嘉兴市,12
2011,材料与化学工程学院,化学工程与工艺,宁波市,21
2011,材料与化学工程学院,化学工程与工艺,广州市,2
2011,材料与化学工程学院,化学工程与工艺,成都市,1
2011,材料与化学工程学院,化学工程与工艺,新余市,1
2011,材料与化学工程学院,化学工程与工艺,杭州市,10
2011,材料与化学工程学院,化学工程与工艺,梧州市,1
2011,材料与化学工程学院,化学工程与工艺,毕节地区,1
2011,材料与化学工程学院,化学工程与工艺,汉中市,1
2011,材料与化学工程学院,化学工程与工艺,河池市,1
2011,材料与化学工程学院,化学工程与工艺,温州市,10
2011,材料与化学工程学院,化学工程与工艺,湖州市,7
2011,材料与化学工程学院,化学工程与工艺,白银市,3
2011,材料与化学工程学院,化学工程与工艺,益阳市,1
2011,材料与化学工程学院,化学工程与工艺,绍兴市,20
2011,材料与化学工程学院,化学工程与工艺,绵阳市,2
2011,材料与化学工程学院,化学工程与工艺,舟山市,3
2011,材料与化学工程学院,化学工程与工艺,茂名市,1
2011,材料与化学工程学院,化学工程与工艺,衡水市,1
2011,材料与化学工程学院,化学工程与工艺,衢州市,5
2011,材料与化学工程学院,化学工程与工艺,赤峰市,1
2011,材料与化学工程学院,化学工程与工艺,运城市,1
2011,材料与化学工程学院,化学工程与工艺,遵义市,2
2011,材料与化学工程学院,化学工程与工艺,邯郸市,1
2011,材料与化学工程学院,化学工程与工艺,重庆市,1
2011,材料与化学工程学院,化学工程与工艺,金华市,21
2011,材料与化学工程学院,化学工程与工艺,铜陵市,1
2011,材料与化学工程学院,油气储运工程,丽水市,2
2011,材料与化学工程学院,油气储运工程,六盘水市,1
2011,材料与化学工程学院,油气储运工程,南阳市,1
2011,材料与化学工程学院,油气储运工程,台州市,2
2011,材料与化学工程学院,油气储运工程,嘉兴市,2
2011,材料与化学工程学院,油气储运工程,天水市,1
2011,材料与化学工程学院,油气储运工程,宁德市,1
2011,材料与化学工程学院,油气储运工程,宁波市,8
2011,材料与化学工程学院,油气储运工程,平顶山市,1
2011,材料与化学工程学院,油气储运工程,张掖市,1
2011,材料与化学工程学院,油气储运工程,成都市,1
2011,材料与化学工程学院,油气储运工程,日照市,1
2011,材料与化学工程学院,油气储运工程,杭州市,9
2011,材料与化学工程学院,油气储运工程,池州市,2
2011,材料与化学工程学院,油气储运工程,泸州市,1
2011,材料与化学工程学院,油气储运工程,温州市,2
2011,材料与化学工程学院,油气储运工程,湖州市,3
2011,材料与化学工程学院,油气储运工程,漯河市,1
2011,材料与化学工程学院,油气储运工程,玉林市,1
2011,材料与化学工程学院,油气储运工程,绍兴市,3
2011,材料与化学工程学院,油气储运工程,舟山市,2
2011,材料与化学工程学院,油气储运工程,荷泽市,1
2011,材料与化学工程学院,油气储运工程,蚌埠市,1
2011,材料与化学工程学院,油气储运工程,衢州市,3
2011,材料与化学工程学院,油气储运工程,金华市,1
2011,理学院,信息与计算科学,云浮市,1
2011,理学院,信息与计算科学,保定市,1
2011,理学院,信息与计算科学,台州市,1
2011,理学院,信息与计算科学,嘉兴市,7
2011,理学院,信息与计算科学,威海市,1
2011,理学院,信息与计算科学,孝感市,2
2011,理学院,信息与计算科学,宁波市,13
2011,理学院,信息与计算科学,崇左市,1
2011,理学院,信息与计算科学,揭阳市,1
2011,理学院,信息与计算科学,杭州市,5
2011,理学院,信息与计算科学,桂林市,1
2011,理学院,信息与计算科学,池州市,1
2011,理学院,信息与计算科学,泉州市,1
2011,理学院,信息与计算科学,温州市,6
2011,理学院,信息与计算科学,湖州市,1
2011,理学院,信息与计算科学,潮州市,1
2011,理学院,信息与计算科学,绍兴市,12
2011,理学院,信息与计算科学,绵阳市,1
2011,理学院,信息与计算科学,衢州市,2
2011,理学院,信息与计算科学,金华市,2
2011,理学院,信息与计算科学,黄山市,1
2011,理学院,统计学,丽水市,1
2011,理学院,统计学,南昌市,1
2011,理学院,统计学,台州市,2
2011,理学院,统计学,合肥市,1
2011,理学院,统计学,咸阳市,1
2011,理学院,统计学,嘉兴市,6
2011,理学院,统计学,天水市,1
2011,理学院,统计学,宁波市,6
2011,理学院,统计学,新乡市,1
2011,理学院,统计学,杭州市,3
2011,理学院,统计学,温州市,8
2011,理学院,统计学,湖州市,2
2011,理学院,统计学,玉林市,1
2011,理学院,统计学,白银市,1
2011,理学院,统计学,眉山市,1
2011,理学院,统计学,绍兴市,6
2011,理学院,统计学,衢州市,3
2011,理学院,统计学,遵义市,1
2011,理学院,统计学,金华市,5
2011,理学院,统计学,鹰潭市,2
2011,电子与信息工程学院,电子信息工程,丽水市,2
2011,电子与信息工程学院,电子信息工程,台州市,5
2011,电子与信息工程学院,电子信息工程,嘉兴市,8
2011,电子与信息工程学院,电子信息工程,太原市,1
2011,电子与信息工程学院,电子信息工程,宁波市,15
2011,电子与信息工程学院,电子信息工程,安阳市,1
2011,电子与信息工程学院,电子信息工程,定西市,1
2011,电子与信息工程学院,电子信息工程,宿州市,1
2011,电子与信息工程学院,电子信息工程,平顶山市,1
2011,电子与信息工程学院,电子信息工程,成都市,1
2011,电子与信息工程学院,电子信息工程,抚州市,2
2011,电子与信息工程学院,电子信息工程,杭州市,11
2011,电子与信息工程学院,电子信息工程,池州市,1
2011,电子与信息工程学院,电子信息工程,沧州市,1
2011,电子与信息工程学院,电子信息工程,洛阳市,1
2011,电子与信息工程学院,电子信息工程,温州市,19
2011,电子与信息工程学院,电子信息工程,湖州市,2
2011,电子与信息工程学院,电子信息工程,白银市,2
2011,电子与信息工程学院,电子信息工程,绍兴市,11
2011,电子与信息工程学院,电子信息工程,衢州市,3
2011,电子与信息工程学院,电子信息工程,遵义市,1
2011,电子与信息工程学院,电子信息工程,邯郸市,1
2011,电子与信息工程学院,电子信息工程,金华市,11
2011,电子与信息工程学院,电子信息工程,钦州市,1
2011,电子与信息工程学院,电子信息工程,阜阳市,1
2011,电子与信息工程学院,电子信息工程,黔西南布依族苗族自治州,1
2011,电子与信息工程学院,电子科学与技术,临沂市,1
2011,电子与信息工程学院,电子科学与技术,丽水市,3
2011,电子与信息工程学院,电子科学与技术,亳州市,1
2011,电子与信息工程学院,电子科学与技术,佛山市,1
2011,电子与信息工程学院,电子科学与技术,南通市,1
2011,电子与信息工程学院,电子科学与技术,台州市,3
2011,电子与信息工程学院,电子科学与技术,嘉兴市,1
2011,电子与信息工程学院,电子科学与技术,天水市,1
2011,电子与信息工程学院,电子科学与技术,宁波市,4
2011,电子与信息工程学院,电子科学与技术,安庆市,1
2011,电子与信息工程学院,电子科学与技术,常德市,2
2011,电子与信息工程学院,电子科学与技术,德州市,1
2011,电子与信息工程学院,电子科学与技术,杭州市,6
2011,电子与信息工程学院,电子科学与技术,淮北市,1
2011,电子与信息工程学院,电子科学与技术,温州市,3
2011,电子与信息工程学院,电子科学与技术,湖州市,4
2011,电子与信息工程学院,电子科学与技术,白银市,2
2011,电子与信息工程学院,电子科学与技术,绍兴市,4
2011,电子与信息工程学院,电子科学与技术,茂名市,1
2011,电子与信息工程学院,电子科学与技术,衢州市,3
2011,电子与信息工程学院,电子科学与技术,金华市,8
2011,电子与信息工程学院,电气工程及其自动化,丽水市,1
2011,电子与信息工程学院,电气工程及其自动化,信阳市,3
2011,电子与信息工程学院,电气工程及其自动化,南宁市,2
2011,电子与信息工程学院,电气工程及其自动化,台州市,4
2011,电子与信息工程学院,电气工程及其自动化,商丘市,1
2011,电子与信息工程学院,电气工程及其自动化,嘉兴市,5
2011,电子与信息工程学院,电气工程及其自动化,太原市,1
2011,电子与信息工程学院,电气工程及其自动化,宁波市,6
2011,电子与信息工程学院,电气工程及其自动化,广州市,1
2011,电子与信息工程学院,电气工程及其自动化,庆阳市,1
2011,电子与信息工程学院,电气工程及其自动化,杭州市,2
2011,电子与信息工程学院,电气工程及其自动化,武威市,1
2011,电子与信息工程学院,电气工程及其自动化,毕节地区,1
2011,电子与信息工程学院,电气工程及其自动化,温州市,9
2011,电子与信息工程学院,电气工程及其自动化,渭南市,1
2011,电子与信息工程学院,电气工程及其自动化,湖州市,1
2011,电子与信息工程学院,电气工程及其自动化,绍兴市,8
2011,电子与信息工程学院,电气工程及其自动化,舟山市,1
2011,电子与信息工程学院,电气工程及其自动化,荆州市,1
2011,电子与信息工程学院,电气工程及其自动化,衢州市,2
2011,电子与信息工程学院,电气工程及其自动化,遵义市,1
2011,电子与信息工程学院,电气工程及其自动化,金华市,5
2011,电子与信息工程学院,电气工程及其自动化,金昌市,1
2011,电子与信息工程学院,电气工程及其自动化,黄冈市,1
2011,电子与信息工程学院,网络工程,临汾市,1
2011,电子与信息工程学院,网络工程,丽水市,2
2011,电子与信息工程学院,网络工程,台州市,3
2011,电子与信息工程学院,网络工程,嘉兴市,2
2011,电子与信息工程学院,网络工程,宁波市,5
2011,电子与信息工程学院,网络工程,宣城市,1
2011,电子与信息工程学院,网络工程,杭州市,4
2011,电子与信息工程学院,网络工程,柳州市,1
2011,电子与信息工程学院,网络工程,武汉市,1
2011,电子与信息工程学院,网络工程,温州市,6
2011,电子与信息工程学院,网络工程,湖州市,2
2011,电子与信息工程学院,网络工程,绍兴市,9
2011,电子与信息工程学院,网络工程,莱芜市,1
2011,电子与信息工程学院,网络工程,衢州市,1
2011,电子与信息工程学院,网络工程,金华市,3
2011,电子与信息工程学院,计算机科学与技术,上海市,1
2011,电子与信息工程学院,计算机科学与技术,丽水市,3
2011,电子与信息工程学院,计算机科学与技术,信阳市,1
2011,电子与信息工程学院,计算机科学与技术,南阳市,1
2011,电子与信息工程学院,计算机科学与技术,台州市,13
2011,电子与信息工程学院,计算机科学与技术,呼伦贝尔市,1
2011,电子与信息工程学院,计算机科学与技术,嘉兴市,7
2011,电子与信息工程学院,计算机科学与技术,天水市,1
2011,电子与信息工程学院,计算机科学与技术,宁波市,18
2011,电子与信息工程学院,计算机科学与技术,巢湖市,1
2011,电子与信息工程学院,计算机科学与技术,庆阳市,1
2011,电子与信息工程学院,计算机科学与技术,抚州市,1
2011,电子与信息工程学院,计算机科学与技术,揭阳市,1
2011,电子与信息工程学院,计算机科学与技术,杭州市,2
2011,电子与信息工程学院,计算机科学与技术,毕节地区,1
2011,电子与信息工程学院,计算机科学与技术,沧州市,1
2011,电子与信息工程学院,计算机科学与技术,泸州市,1
2011,电子与信息工程学院,计算机科学与技术,深圳市,1
2011,电子与信息工程学院,计算机科学与技术,温州市,16
2011,电子与信息工程学院,计算机科学与技术,湖州市,5
2011,电子与信息工程学院,计算机科学与技术,湛江市,1
2011,电子与信息工程学院,计算机科学与技术,绍兴市,15
2011,电子与信息工程学院,计算机科学与技术,绵阳市,1
2011,电子与信息工程学院,计算机科学与技术,舟山市,2
2011,电子与信息工程学院,计算机科学与技术,莆田市,1
2011,电子与信息工程学院,计算机科学与技术,衡水市,1
2011,电子与信息工程学院,计算机科学与技术,衢州市,2
2011,电子与信息工程学院,计算机科学与技术,遵义市,1
2011,电子与信息工程学院,计算机科学与技术,金华市,8
2011,电子与信息工程学院,计算机科学与技术,锡林郭勒盟,1
2011,电子与信息工程学院,计算机科学与技术,驻马店市,1
2011,经济与管理学院,会计学,上饶市,1
2011,经济与管理学院,会计学,临汾市,1
2011,经济与管理学院,会计学,临沂市,1
2011,经济与管理学院,会计学,丽水市,3
2011,经济与管理学院,会计学,信阳市,2
2011,经济与管理学院,会计学,兰州市,1
2011,经济与管理学院,会计学,北海市,1
2011,经济与管理学院,会计学,台州市,4
2011,经济与管理学院,会计学,周口市,1
2011,经济与管理学院,会计学,咸阳市,1
2011,经济与管理学院,会计学,商丘市,1
2011,经济与管理学院,会计学,嘉兴市,5
2011,经济与管理学院,会计学,大同市,1
2011,经济与管理学院,会计学,太原市,1
2011,经济与管理学院,会计学,宁波市,22
2011,经济与管理学院,会计学,安庆市,1
2011,经济与管理学院,会计学,安顺市,1
2011,经济与管理学院,会计学,宣城市,1
2011,经济与管理学院,会计学,成都市,1
2011,经济与管理学院,会计学,杭州市,9
2011,经济与管理学院,会计学,武威市,1
2011,经济与管理学院,会计学,汕头市,1
2011,经济与管理学院,会计学,池州市,1
2011,经济与管理学院,会计学,泰州市,1
2011,经济与管理学院,会计学,济宁市,1
2011,经济与管理学院,会计学,温州市,14
2011,经济与管理学院,会计学,湖州市,3
2011,经济与管理学院,会计学,潮州市,1
2011,经济与管理学院,会计学,绍兴市,9
2011,经济与管理学院,会计学,舟山市,3
2011,经济与管理学院,会计学,莆田市,1
2011,经济与管理学院,会计学,衢州市,3
2011,经济与管理学院,会计学,贵港市,1
2011,经济与管理学院,会计学,贵阳市,1
2011,经济与管理学院,会计学,邢台市,1
2011,经济与管理学院,会计学,邯郸市,1
2011,经济与管理学院,会计学,重庆市,1
2011,经济与管理学院,会计学,金华市,8
2011,经济与管理学院,会计学,马鞍山市,1
2011,经济与管理学院,会计学,驻马店市,1
2011,经济与管理学院,国际商务,丽水市,6
2011,经济与管理学院,国际商务,六盘水市,1
2011,经济与管理学院,国际商务,南通市,1
2011,经济与管理学院,国际商务,台州市,2
2011,经济与管理学院,国际商务,嘉兴市,2
2011,经济与管理学院,国际商务,宁波市,16
2011,经济与管理学院,国际商务,景德镇市,2
2011,经济与管理学院,国际商务,杭州市,3
2011,经济与管理学院,国际商务,桂林市,1
2011,经济与管理学院,国际商务,武汉市,1
2011,经济与管理学院,国际商务,沧州市,1
2011,经济与管理学院,国际商务,温州市,6
2011,经济与管理学院,国际商务,石家庄市,3
2011,经济与管理学院,国际商务,绍兴市,9
2011,经济与管理学院,国际商务,自贡市,1
2011,经济与管理学院,国际商务,荆州市,1
2011,经济与管理学院,国际商务,衢州市,3
2011,经济与管理学院,国际商务,贵阳市,1
2011,经济与管理学院,国际商务,金华市,4
2011,经济与管理学院,国际经济与贸易,上饶市,1
2011,经济与管理学院,国际经济与贸易,六盘水市,1
2011,经济与管理学院,国际经济与贸易,台州市,4
2011,经济与管理学院,国际经济与贸易,呼伦贝尔市,1
2011,经济与管理学院,国际经济与贸易,嘉兴市,8
2011,经济与管理学院,国际经济与贸易,宁波市,26
2011,经济与管理学院,国际经济与贸易,巢湖市,1
2011,经济与管理学院,国际经济与贸易,巴彦淖尔市,1
2011,经济与管理学院,国际经济与贸易,抚州市,1
2011,经济与管理学院,国际经济与贸易,无锡市,1
2011,经济与管理学院,国际经济与贸易,杭州市,12
2011,经济与管理学院,国际经济与贸易,柳州市,1
2011,经济与管理学院,国际经济与贸易,桂林市,1
2011,经济与管理学院,国际经济与贸易,沧州市,1
2011,经济与管理学院,国际经济与贸易,泰州市,1
2011,经济与管理学院,国际经济与贸易,淮南市,1
2011,经济与管理学院,国际经济与贸易,温州市,11
2011,经济与管理学院,国际经济与贸易,湖州市,2
2011,经济与管理学院,国际经济与贸易,漳州市,1
2011,经济与管理学院,国际经济与贸易,石家庄市,1
2011,经济与管理学院,国际经济与贸易,福州市,1
2011,经济与管理学院,国际经济与贸易,绍兴市,11
2011,经济与管理学院,国际经济与贸易,芜湖市,1
2011,经济与管理学院,国际经济与贸易,衢州市,2
2011,经济与管理学院,国际经济与贸易,襄樊市,2
2011,经济与管理学院,国际经济与贸易,赣州市,1
2011,经济与管理学院,国际经济与贸易,遵义市,1
2011,经济与管理学院,国际经济与贸易,郑州市,1
2011,经济与管理学院,国际经济与贸易,重庆市,2
2011,经济与管理学院,国际经济与贸易,金华市,7
2011,经济与管理学院,国际经济与贸易,马鞍山市,1
2011,经济与管理学院,国际经济与贸易,黔西南布依族苗族自治州,1
2011,经济与管理学院,市场营销,丽水市,1
2011,经济与管理学院,市场营销,亳州市,1
2011,经济与管理学院,市场营销,南阳市,1
2011,经济与管理学院,市场营销,厦门市,1
2011,经济与管理学院,市场营销,台州市,2
2011,经济与管理学院,市场营销,咸阳市,1
2011,经济与管理学院,市场营销,嘉兴市,6
2011,经济与管理学院,市场营销,宁波市,12
2011,经济与管理学院,市场营销,成都市,1
2011,经济与管理学院,市场营销,杭州市,6
2011,经济与管理学院,市场营销,永州市,1
2011,经济与管理学院,市场营销,温州市,5
2011,经济与管理学院,市场营销,湖州市,2
2011,经济与管理学院,市场营销,绍兴市,7
2011,经济与管理学院,市场营销,舟山市,1
2011,经济与管理学院,市场营销,衢州市,1
2011,经济与管理学院,市场营销,资阳市,1
2011,经济与管理学院,市场营销,遵义市,1
2011,经济与管理学院,市场营销,金华市,2
2011,经济与管理学院,物流管理,丽水市,3
2011,经济与管理学院,物流管理,信阳市,1
2011,经济与管理学院,物流管理,北海市,1
2011,经济与管理学院,物流管理,南宁市,1
2011,经济与管理学院,物流管理,台州市,4
2011,经济与管理学院,物流管理,吉安市,1
2011,经济与管理学院,物流管理,周口市,1
2011,经济与管理学院,物流管理,嘉兴市,5
2011,经济与管理学院,物流管理,太原市,1
2011,经济与管理学院,物流管理,威海市,1
2011,经济与管理学院,物流管理,孝感市,2
2011,经济与管理学院,物流管理,宁波市,19
2011,经济与管理学院,物流管理,安庆市,1
2011,经济与管理学院,物流管理,常州市,1
2011,经济与管理学院,物流管理,抚州市,1
2011,经济与管理学院,物流管理,无锡市,1
2011,经济与管理学院,物流管理,景德镇市,1
2011,经济与管理学院,物流管理,杭州市,4
2011,经济与管理学院,物流管理,枣庄市,1
2011,经济与管理学院,物流管理,温州市,4
2011,经济与管理学院,物流管理,湖州市,3
2011,经济与管理学院,物流管理,石家庄市,1
2011,经济与管理学院,物流管理,福州市,1
2011,经济与管理学院,物流管理,绍兴市,16
2011,经济与管理学院,物流管理,舟山市,2
2011,经济与管理学院,物流管理,荆州市,1
2011,经济与管理学院,物流管理,莆田市,1
2011,经济与管理学院,物流管理,衢州市,4
2011,经济与管理学院,物流管理,贵阳市,1
2011,经济与管理学院,物流管理,遵义市,1
2011,经济与管理学院,物流管理,金华市,14
2011,经济与管理学院,物流管理,黄山市,1
2012,人文与艺术学院,广告学,绍兴市,1
2012,外国语学院,日语,台州市,1
2012,外国语学院,英语,金华市,1
2012,建筑与交通工程学院,交通运输,衢州市,1
2012,建筑与交通工程学院,土木工程,杭州市,2
2012,建筑与交通工程学院,土木工程,绍兴市,1
2012,建筑与交通工程学院,土木工程,衢州市,1
2012,建筑与交通工程学院,土木工程,遵义市,1
2012,建筑与交通工程学院,土木工程,金华市,1
2012,建筑与交通工程学院,建筑环境与设备工程,绍兴市,1
2012,机械工程学院,机械设计制造及其自动化,六盘水市,1
2012,机械工程学院,机械设计制造及其自动化,宁波市,1
2012,机械工程学院,机械设计制造及其自动化,绍兴市,1
2012,机械工程学院,机械设计制造及其自动化,遵义市,1
2012,机械工程学院,材料成型及控制工程,杭州市,1
2012,机械工程学院,材料成型及控制工程,毕节地区,1
2012,机械工程学院,材料成型及控制工程,金华市,1
2012,机械工程学院,汽车服务工程,绍兴市,1
2012,机械工程学院,汽车服务工程,金华市,2
2012,材料与化学工程学院,化学工程与工艺,宁波市,2
2012,材料与化学工程学院,化学工程与工艺,杭州市,1
2012,材料与化学工程学院,化学工程与工艺,绍兴市,2
2012,材料与化学工程学院,化学工程与工艺,金华市,1
2012,材料与化学工程学院,油气储运工程,遵义市,1
2012,材料与化学工程学院,油气储运工程,铜仁地区,1
2012,电子与信息工程学院,电子科学与技术,湖州市,1
2012,电子与信息工程学院,电子科学与技术,衢州市,1
2012,电子与信息工程学院,电气工程及其自动化,金华市,1
2012,电子与信息工程学院,电气工程及其自动化,黄冈市,1
2012,电子与信息工程学院,网络工程,杭州市,1
2012,电子与信息工程学院,网络工程,武威市,1
2012,电子与信息工程学院,计算机科学与技术,嘉兴市,1
2012,电子与信息工程学院,计算机科学与技术,金华市,1
2012,经济与管理学院,会计学,宁波市,1
2012,经济与管理学院,会计学,金华市,1
2012,经济与管理学院,国际商务,成都市,1
2012,经济与管理学院,国际经济与贸易,杭州市,1
2012,经济与管理学院,国际经济与贸易,金华市,1
2012,经济与管理学院,市场营销,六盘水市,1
2012,经济与管理学院,市场营销,武威市,1
2012,经济与管理学院,物流管理,衢州市,1
